Model Name,Img URL,Price (CAD),Brand Name,Description,,OS,Height,Width,Thickness,CPU Speed,CPU Type,Screen Size,Resolution,Max Refresh Rate,5G,Dual SIM,WIFI Versions,Megapixels,Number of lenses,night mode or 4K,RAM,ROM,NFC Support,Headpone_jack,Speaker Quality,Bluetooth Version,Capacity ,Fast Charging,Wireless Charging,Face ID,Fingerprint,Stylus Support,Foldable Screens
OPPO Find N3,https://image.oppo.com/content/dam/oppo/common/mkt/v2-2/list-page-new/en/find-n3-kv-1304_732.jpg ,2900,OPPO,"Slim and Lightweight, Vitality Imaging Triple Camera System",,Android11,"Expanded: about 153.4mm
Folded: about 153.4mm","Expanded: about 143.1mm
Folded: about 73.3mm","Expanded:
Glass edition: about 5.8mm (battery side)/5.9mm (cover-screen side)
Leather edition: about 6.0mm (battery side)/5.9mm (cover-screen side)
Folded:
Glass edition: about 11.7mm
Leather edition: about 11.9mm","
8 cores","
Qualcomm Snapdragon® 8 Gen 2 Mobile Platform","Main screen: 7.82 inches (diagonal)
Cover screen: 6.31 inches (diagonal)",QXGA+(2440×2268)|FHD+(2484×1116),"Main screen: 120Hz, Min 1Hz
Cover screen: 120Hz, Min 10Hz",Supported,Supported,,48MP ,3,Night,"12 GB
","256 GB
",Supported,Type-C,,"
Bluetooth® 5.3, Bluetooth® Low Energy, Bluetooth® Low Energy Audio",,"67W SUPERVOOCTM 2.0, SUPERVOOCTM, VOOC 3.0, PD3.0 (9V/2A)",No,Supported,Supported,No,Yes
OPPO Find N3 Flip,https://image.oppo.com/content/dam/oppo/common/mkt/v2-2/list-page-new/en/find-n3-flip-kv-1304_732.jpg ,1900,OPPO,"ntuitive Cover Screen, Hasselblad Camera for Mobile",,Android,"
Expanded: about 166.4mm
Folded: about 85.5mm","
Expanded: about 75.8mm
Folded: about 75.8mm","
Expanded: about 7.79mm
Folded: about 16.45mm","8 cores

","MediaTek Dimensity 9200

","Main screen: 6.8 inches (diagonal)
Cover screen: 3.26 inches (diagonal)

","Main screen: FHD (2520×1080)
Cover screen: SD (720×382)

","Main screen: 120Hz, LTPO variable-frequency display, Min 1Hz
Cover screen: 60Hz, Min 30Hz",Supported,Supported,,50MP,3,Night,"12 GB
","256 GB
",Supported,Type-C,,"Bluetooth® 5.3, Bluetooth® Low Energy

",,"44W SUPERVOOCTM (11V/4A), VOOC 3.0 (5V/3A), PD (9V/1.5A)

",No,Supported,Supported,No,Yes
OPPO Find N2 Flip,https://www.oppo.com/en/smartphones/series-find-n/find-n2-flip/ ,1600,OPPO,"3.26"" Cover Screen, New Generation Flexion Hinge",,Android,"
Expanded: about 166.2mm
Folded: about 85.5mm","Expanded: about 75.2mm
Folded: about 75.2mm","
Expanded: about 7.45mm
Folded: about 16.02mm",8 cores,Dimensity 9000+,6.8 inches (diagonal line)/cover screen: 3.26 inches,"Main screen: FHD+(2520×1080)
Secondary screen: (720×382)","
Main screen: 120Hz, LTPO variable-frequency display, Min 1Hz
Secondary screen: 60Hz, Min 30Hz",Supported,Supported,,"
50MP",2,Night,8 GB,"256 GB
",Supported,Type-C,,"Bluetooth® v5.3 and Bluetooth® Low Energy

",,"44W SUPERVOOCTM, PD (9V/1.5A), QC (9V/1.5A)

",No,Supported,Supported,No,Yes
OPPO Find X3 Pro,https://image.oppo.com/content/dam/oppo/common/mkt/v2-2/list-page-new/en/find-x3-pro1304-732.jpg ,1200,OPPO,Awaken Colour,,Android, about 163.6mm, about 74.0mm,about 8.26mm,1 x 2.842 GHz/ 3 x 2.419 GHz/ 4 x 1.786 GHz,Qualcomm® Snapdragon™ 888 Mobile Platform,6.7" (17.02cm),3216 x 1440 (QHD+), 120 Hz (Max) or 60 Hz,Supported,Supported,,"
50MP",3,Night,12GB,256GB,Supported,Type-C,,Bluetooth® 5.2 and Bluetooth® Low Energy,,"SuperVOOC 2.0/SuperVOOC/VOOC 3.0/PD (9 V/2 A)/QC (9 V/2 A)/PPS (30W)
",No,Supported,Supported,No,No
OPPO Find X3 Pro,https://image.oppo.com/content/dam/oppo/common/mkt/v2-2/find-x3-series-cn/navigation/Find%20X3%20series-navigation-black-v2.png,900,OPPO,Enrich Life with 1 Billion+ Colours,,Android11,about 163.6mm,about 74.0mm,about 8.26mm, 1 x 2.842 GHz/ 3 x 2.419 GHz/ 4 x 1.786 GHz,Qualcomm® Snapdragon™ 888 Mobile Platform,6.7" (17.02cm),3216 x 1440 (QHD+), 120 Hz (Max) or 60 Hz,Supported,Supported,,50MP,3,Night,12GB,256GB,Supported,Type-C,,Bluetooth® 5.2,,SuperVOOC 2.0/SuperVOOC/VOOC 3.0/PD (9 V/2 A)/QC (9 V/2 A)/PPS (30W),No,Supported,Supported,No,No
OPPO Reno12 Pro 5G,https://image.oppo.com/content/dam/oppo/common/mkt/v2-2/reno-12-pro-en/listpage/1304-732-silver.png ,900,OPPO,"Unprecedented Reno Design, AI Portrait Expert",,Android,"about 161.5mm

","about 74.8mm

","about 7.40mm (Space Brown & Sunset Gold)
about 7.45mm (Nebula Silver)","8 cores

","MediaTek Dimensity 7300-Energy

",6.7'',FHD + (2412 x 1080),"120Hz (60/90/120Hz)

",Supported,Supported,"
Wi-Fi 6 (802.11ax), Wi-Fi 5 (802.11ac), 802.11a/b/g/n;
WLAN 2.4G/WLAN 5G;
WLAN Display;
WLAN tethering;
2 × 2 MIMO","
4K@30fps, 1080p/720p@30fps, 1080p@60fps",3,4K,12GB,256GB,Supported,Type-C,,"Bluetooth® 5.4

",,"Protocols supported: SUPERVOOCTM 2.0, SUPERVOOCTM, VOOC 3.0, and PD2.0 (9 V, 1.5 A)

",No,Supported,Supported,No,No
OPPO Reno12 5G,https://image.oppo.com/content/dam/oppo/common/mkt/v2-2/reno-12-en/listpage/1304-732-silver.png ,750,OPPO,"AI LinkBoost and BeaconLink, Reno's Best Battery Life Ever",,Android,"about 161.4mm

","about 74.1mm

","about 7.57mm

","8 cores

","MediaTek Dimensity 7300-Energy

",6.7","FHD + (2412 x 1080)

","120Hz (60/90/120Hz)

",Supported,Supported,,50MP,3,Night,12GB,256GB,Supported,Type-C,,"Bluetooth® 5.4

",,"Protocols supported: SUPERVOOCTM 2.0, SUPERVOOCTM, VOOC 3.0, and PD2.0 (9V, 1.5A)

",No,Supported,Supported,No,No
OPPO Reno12 Pro 5G,https://image.oppo.com/content/dam/oppo/common/mkt/v2-2/reno-12-pro-en/listpage/427-600-silver.png.thumb.webp,420,OPPO,"Unprecedented Reno Design, AI Portrait Expert",,Android,"about 163.1mm

","about 75.8mm

","about 7.76mm

","8 cores

",MediaTek Dimensity 6300,6.7","FHD + (1080 x 2400)

","
Max: 120Hz
Options: 60/120Hz",Supported,Supported,"Wi-Fi 5 (802.11ac), 802.11 a/b/g/n/
WLAN 2.4G/WLAN 5G
WLAN Display
WLAN tethering
1 x 1 SOSO",50MP,3,Night,8 GB,"256 GB
",Supported,Type-C,,"Bluetooth® 5.3, Low Energy

",,"Protocols supported: SUPERVOOCTM 2.0, SUPERVOOCTM, VOOC 3.0, PD3.0 (9V/1.5A), and PPS",No,Supported,Supported,No,No
OPPO Reno12 5G,https://image.oppo.com/content/dam/oppo/common/mkt/v2-2/reno-12-en/listpage/427-600-silver.png.thumb.webp,328,OPPO,"AI LinkBoost and BeaconLink, Reno's Best Battery Life Ever",,Android,"about 161.4mm

","about 74.1mm

","about 7.57mm

","8 cores

","MediaTek Dimensity 7300-Energy

",6.7","FHD + (2412 x 1080)

",120Hz (60/90/120Hz),Supported,Supported,"
Wi-Fi 6 (802.11ax), Wi-Fi 5 (802.11ac), 802.11a/b/g/n;
WLAN 2.4G/WLAN 5G;
WLAN Display;
WLAN tethering;
2 × 2 MIMO",50MP,3,Night,12GB,256GB,Supported,Type-C,,"Bluetooth® 5.4

",,"Protocols supported: SUPERVOOCTM 2.0, SUPERVOOCTM, VOOC 3.0, and PD2.0 (9V, 1.5A)",No,Supported,Supported,No,No
OPPO Reno12 F 5G,https://image.oppo.com/content/dam/oppo/common/mkt/v2-2/reno12-f-en/listpage/427-600-orange.png.thumb.webp,750,OPPO,"Unprecedented Reno Design, AI Portrait Expert",,Android,"about 163.1mm

","about 75.8mm

","about 7.76mm

","8 cores

","MediaTek Dimensity 6300

","6.67""

","FHD + (1080 x 2400)

","
Max: 120Hz
Options: 60/120Hz

",Supported,Supported,"Wi-Fi 5 (802.11ac), 802.11 a/b/g/n/
WLAN 2.4G/WLAN 5G
WLAN Display
WLAN tethering
1 x 1 SOSO",50MP,3,Night,8 GB,"256 GB
",Supported,Type-C,,"Bluetooth® 5.3, Low Energy

",,"Protocols supported: SUPERVOOCTM 2.0, SUPERVOOCTM, VOOC 3.0, PD3.0 (9V/1.5A), and PPS

",No,Supported,Supported,No,No
OPPO Reno 12 F,https://image.oppo.com/content/dam/oppo/common/mkt/v2-2/reno12-f-4g-en/listpage/427-600-orange.png.thumb.webp,720,OPPO,"Halo Light, AI LinkBoost",,Android,"about 163.1mm

","about 75.8mm

","about 7.76mm

","8 cores

","
Qualcomm® KryoTM 685 CPU@2.8GHz","6.67""

","FHD + (2400 × 1080)

","
Max: 120Hz
Options: 60/120Hz

",Supported,Supported,"Wi-Fi 5 (802.11ac), 802.11 a/b/g/n/
WLAN 2.4G/WLAN 5G
WLAN Display
WLAN tethering
Wi-Fi 5GHz 80MHz",50MP,3,Night,8 GB,"256 GB
",Supported,Type-C,,"Bluetooth® v5.0 and BLE

",,"Supported protocols: SUPERVOOCTM, VOOC, PPS, and PD2.0

",No,Supported,Supported,No,No
OPPO Reno11 F 5G,https://image.oppo.com/content/dam/oppo/common/mkt/v2-2/reno11-f-5g-en/listpage/reno11-f-427-600-purple.png.thumb.webp,700,OPPO,"64MP Ultra-Clear Main Camera, 67W SUPERVOOCTM Flash Charge",,"ColorOS 14.0

","about 161.6mm

","about 74.7mm

","about 7.54mm

","8 cores

","MediaTek Dimensity 7050

","6.67""

","FHD+ (2412x1080)

","Maximum: 120Hz (60/90/120Hz)

",Supported,Supported,"
Wi-Fi 6 (802.11ax), Wi-Fi 5 (802.11ac), 802.11a/b/g/n/;
WLAN 2.4GHz/WLAN 5GHz;
WLAN Display; WLAN tethering; Wi-Fi 5GHz 80MHz; 2×2 MIMO",1080MP,3,4,8 GB, 128GB,Supported,Type-C,,"Bluetooth® v5.2, Bluetooth® Low Energy

",,"
Asia-Pacific: SuperVOOCTM 2.0, SuperVOOCTM, VOOC 3.0, and PD2.0 (9V/1.5A) supported;
Europe: SuperVOOCTM 2.0, SuperVOOCTM, VOOC 3.0, PD2.0 (9V/1.5A), and PD3.0 (11V/5A) supported",No,Supported,Supported,No,No
OPPO Reno11 Pro 5G,https://image.oppo.com/content/dam/oppo/common/mkt/v2-2/reno11-pro-5g-en/listpage/reno11-pro-427-600-white.png.thumb.webp,850,OPPO,"Stand Out in Design, Stand Out in Portrait",,Android,about 162.4mm,about 74.1mm,about 7.59mm,8 cores,MediaTek Dimensity 8200,6.7,FHD+ (2412x1080),120Hz,Supported,Supported,"Wi-Fi 6 (802.11ax), Wi-Fi 5 (802.11ac), 802.11a/b/g/n/ supported;
WLAN 2.4G/WLAN 5G supported;
WLAN Display and WLAN tethering supported;
2×2 MIMO and 8 spatial-stream sounding MU-MIMO supported.",50MP,2,Night,12GB, 256GB,Supported,Type-C,,"
Bluetooth® 5.3, Bluetooth® Low Energy, high-power Bluetooth® (super Bluetooth®; technology name/story to be determined)",,"SUPERVOOCTM 80W, SUPERVOOCTM 2.0, VOOC 3.0, PD (9V/1.5A)",No,Supported,Supported,No,No
OPPO Reno11 5G,https://image.oppo.com/content/dam/oppo/common/mkt/v2-2/reno11-5g-en/listpage/reno11-427-600-green.png.thumb.webp,650,OPPO,"Natural Aesthetic Design, 32MP Telephoto Portrait Camera",,Android,about 162.4mm,about 74.3mm, about 7.99mm,8 cores,MediaTek Dimensity 7050,6.7,FHD+ (2412x1080),120Hz (60/90/120Hz),Supported,Supported,"Wi-Fi 6 (802.11ax), Wi-Fi 5 (802.11ac), 802.11a/b/g/n/;
WLAN 2.4G/WLAN 5G;
WLAN Display; WLAN tethering; 2×2 MIMO, MU-MIMO",50MP,2,Night,8GB, 128GB,Supported,Type-C,,"Bluetooth® v5.3, Bluetooth® Low Energy",,"SUPERVOOCTM 67W, SUPERVOOCTM 2.0, VOOC 3.0, and PD (9V/1.5A)",No,Supported,Supported,No,No
OPPO Reno10 Pro+ 5G,https://image.oppo.com/content/dam/oppo/common/mkt/v2-2/reno10-pro-plus-5g-en/listpage/reno10-pro-plus-5g-427_600-purple.png.thumb.webp,1200,OPPO,The Portrait Expert,,Android,about 162.9mm,about 74.0mm,about 8.28mm,8 cores,Snapdragon® 8+ Gen 1 Mobile Platform,6.74",FHD+ (2772×1240),Maximum: 120Hz,Supported,Supported,"
Supporting Wi-Fi 6 (802.11ax), Wi-Fi 5 (802.11ac), 802.11a/b/g/n/, WLAN 2.4G/WLAN 5G; WLAN Display; WLAN network sharing; network overlay: Wi-Fi 2.4GHz 2×2 + Wi-Fi 5GHz 2×2 concurrent; Wi-Fi 5GHz 160MHz; 2×2 MIMO; 8 Spatial-stream sounding MU-MIMO",50MP,2,Night,12GB, 256GB,Supported,Type-C,,"Bluetooth® v5.3, Bluetooth® Low Energy",,"
SUPERVOOCTM 100W, SUPERVOOCTM 2.0, SUPERVOOCTM, VOOC 3.0, PD (9V/2A), QC2.0 (9V/2A) fast charging protocols",No,Supported,Supported,No,No
OPPO Reno10 Pro 5G,https://image.oppo.com/content/dam/oppo/common/mkt/v2-2/reno10-pro-5g-en/listpage/reno10-pro-5g-427_600-purple.png.thumb.webp,850,OPPO,Ultra-Clear Portrait Camera System,,Android,about 162.3mm,about 74.2mm,about 7.89mm,8 cores,Qualcomm Snapdragon™ 778G (SDM778G),6.7",FHD+ (2412×1080),120Hz,Supported,Supported,"
Supporting Wi-Fi 6 (802.11ax), Wi-Fi 5 (802.11ac), 802.11a/b/g/n/; WLAN 2.4G/WLAN 5G; WLAN Display; WLAN network sharing; Wi-Fi 5GHz 160MHz; 2×2 MIMO; 8 Spatial-stream sounding MU-MIMO",50MP,2,Night,12GB, 256GB,Supported,Type-C,,"Bluetooth® v5.2, Bluetooth® Low Energy",,"
SUPERVOOCTM 80W, SUPERVOOCTM 2.0, SUPERVOOCTM, VOOC 3.0, PD2.0 (9V/1.5A), QC2.0 (9V/1.5A) fast charging protocols",No,Supported,Supported,No,No
OPPO Reno10 5G,https://image.oppo.com/content/dam/oppo/common/mkt/v2-2/reno10-5g-en/listpage/reno10-5g-427_600-blue.png.thumb.webp,629,OPPO,32MP Telephoto Portrait Camera,,Android,about 162.43mm,about 74.19mm,about 7.99mm,8 cores,MediaTek Dimensity 7050,6.7,FHD+ (2412×1080),120Hz,Supported,Supported,"Supporting Wi-Fi 6 (802.11ax), Wi-Fi 5 (802.11ac), and 802.11a/b/g/n/. WLAN 2.4G / WLAN 5; WLAN Display; WLAN sharing; 2×2 MIMO; MU-MIMO",50MP,2,Night,8GB,128GB,Supported,Type-C,,"Bluetooth® v5.3, Bluetooth® Low Energy",,"SUPERVOOCTM 67W, SUPERVOOCTM 2.0, SUPERVOOCTM, VOOC 3.0, PD3.0?9V/2A?",No,Supported,Supported,No,No
OPPO Reno8 T 5G,https://image.oppo.com/content/dam/oppo/common/mkt/v2-2/reno8-t-5g-en/listpage/reno8-t-5g_sunrise-gold_427_600.png.thumb.webp,599,OPPO,"120Hz 3D Curved Screen, 108MP Portrait Camera",,Android,about 162.3mm,about 74.3mm,about 7.7mm,"8 cores, up to 2.2GHz",Qualcomm Snapdragon™ 695 (SDM 695),6.7,FHD+ (2412x1080),120Hz,Supported,Supported,"
Wi-Fi 5 (802.11ac) and 802.11a/b/g/n;
2.4GHz, 5.1GHz, and 5.8GHz Wi-Fi;
Wi-Fi display and Wi-Fi tethering",108MP,2,Night,8GB,128GB,Supported,Type-C,,"Bluetooth® v5.1, Low Energy TWS",,"
SUPERVOOCTM 67W
SUPERVOOCTM 60W/50W/33W and USB-PD (9V, 1.5A)
OTG reverse charging",No,Supported,Supported,No,No
OPPO Reno8 T,https://image.oppo.com/content/dam/oppo/common/mkt/v2-2/reno8-t-en/listpage/reno8-t_sunset-orange_427_600.png.thumb.webp,525,OPPO,"Fiberglass-Leather Design, 48-Month Fluency Protection",,Android,"Plastic: about 160.8mm
Leather: about 160.8mm","
Plastic: about 73.84mm
Leather: about 73.84mm","
Plastic: about 7.8mm
Leather: 7.85mm","8 cores, up to 2.2GHz",MediaTek Helio G99,6.43 inches,FHD+ (2400x1080),"
Maximum: 90Hz
Optional (60/90)",Supported,Supported,"2.4GHz, 5.1GHz, and 5.8GHz",100MP,2,Night,8GB,128GB,Supported,Type-C,,Bluetooth® 5.3,,SUPERVOOCTM,No,Supported,Supported,No,No
OPPO Reno8 Pro 5G,https://image.oppo.com/content/dam/oppo/common/mkt/v2-2/reno8-pro-5g-en/navigation/reno8-pro-glazed-green-427_600-pc.png.thumb.webp,899,OPPO,"4K Ultra Night Video, MariSilicon X Imaging NPU",,Android,about 161.2mm,about 74.2mm,about 7.34mm,8 cores with a maximum clock rate of 2.85GHz (4 big cores + 4 little cores),MediaTek Dimensity 8100-MAX,6.70 inches,FHD (2412 × 1080),Max to 120Hz,Supported,Supported,"Wi-Fi 6 (802.11ax), Wi-Fi 5 (802.11ac), 802.11a/b/g/n/; Wi-Fi 2.4GHz, Wi-Fi 5.1GHz, Wi-Fi 5.8GHz;
Wi-Fi Display and Wi-Fi tethering;
2×2 MIMO; 8 Spatial-stream sounding MU-MIMO",100MP,2,Night,8GB,256GB,Supported,Type-C,,Bluetooth® v5.3,,"80W SUPERVOOCTM, 65W SUPERVOOCTM, 50W SUPERVOOCTM, VOOC, PD (9V/2A), QC (9V/2A)",No,Supported,Supported,No,No
OPPO Reno8 5G,https://image.oppo.com/content/dam/oppo/common/mkt/v2-2/reno8-5g-en/navigation/reno8-shimmer-gold-427_600-pc.png.thumb.webp,649,OPPO,"80W SUPERVOOCTM, MediaTek Dimensity 1300",,Android,about 160.0mm,about 73.4mm,about 7.67mm,8 cores with a maximum frequency of 3.0GHz (1 super large core + 3 large cores + 4 small cores),MediaTek Dimensity 1300,6.40 inches,FHD (2400 × 1080),Max to 90Hz,Supported,Supported,"Wi-Fi 6 (802.11ax), Wi-Fi 5 (802.11ac), 802.11a/b/g/n/; Wi-Fi 2.4GHz, Wi-Fi 5.1GHz, Wi-Fi 5.8GHz;
Wi-Fi Display and Wi-Fi tethering; 2×2 MIMO; 8 Spatial-stream sounding MU-MIMO"," Sony IMX766, 50MP, 1/1.56""; f/1.8; FOV 86°; 7P lens; AF; closed-loop focus motor",2,Night,8GB,256GB,Supported,Type-C,,Bluetooth® v5.3,,"80W SUPERVOOCTM, 65W SUPERVOOCTM, 50W SUPERVOOCTM, VOOC, PD (9V/2A), QC (9V/2A)",No,Supported,Supported,No,No
OPPO Reno7 Z 5G,https://image.oppo.com/content/dam/oppo/common/mkt/v2-2/reno7-z/navigation/Navigation-RainbowSpectrum-427_600-pc%20.png,550,OPPO,"Bokeh Flare Portrait, Dual Orbit Lights",,Android,about 159.85mm,about 73.17mm,about 7.49mm (Cosmic Black),"8 cores, up to 2.2GHz",Qualcomm Snapdragon™ 695 (SDM695),6.43 inches,FHD+ (2400 × 1080),60Hz,Supported,Supported,"Wi-Fi 5 (802.11ac), 802.11a/b/g/n/;
WLAN 2.4G/WLAN 5.1G/WLAN 5.8G;
Supports Wi-Fi Display and Wi-Fi tethering",64MP,2,Night,8GB,128GB,Supported,Type-C,,Bluetooth® v5.1,,SUPERVOOCTM: Supported,No,Supported,Supported,No,No
OPPO Reno7,https://image.oppo.com/content/dam/oppo/common/mkt/v2-2/reno7_4g/navigation/Navigation-SunsetOrange-427_600-pc.png.thumb.webp,367,OPPO,"Ultra-Sensing Selfie with IMX709, Fiberglass-Leather Design",,ColorOS 12.1,about 159.9mm,about 73.2mm,about 7.49mm,"8 cores, up to 2.4GHz",Snapdragon™ 680,6.43 inches,2400 × 1080,Up to 90Hz,Supported,Supported,"
Wi-Fi 5 (802.11ac), 802.11a/b/g/n/;
WLAN 2.4G/WLAN 5.1G/WLAN 5.8G;
Supports Wi-Fi Display and Wi-Fi tethering;", 64MP,2,Night,8GB,256GB,Supported,Type-C,,Bluetooth® v5.1,,33W SUPERVOOCTM,No,Supported,Supported,No,No
OPPO Reno7 Pro 5G,https://image.oppo.com/content/dam/oppo/common/mkt/v2-2/reno7_pro/navigation/Reno7_Pro_navigation-blue_2.png.thumb.webp,739,OPPO,Flagship Portrait Camera System,,ColorOS 12 based on Android 11,about 158.2mm,about 73.2mm,about 7.45mm,8 cores with a maximum frequency of 3.0GHz (1 super large core + 3 large cores + 4 small cores),MediaTek Dimensity 1200-MAX,6.50 inches,FHD (2400 × 1080),Maximum: 90Hz,Supported,Supported,"
Wi-Fi 6 (802.11ax), Wi-Fi 5 (802.11ac), 802.11a/b/g/n/;
Wi-Fi 2.4G/5.1G/5.8G;
Wi-Fi Display and Wi-Fi tethering;
2×2 MIMO and MU-MIMO",32MP,2,Night,12GB,256GB,Supported,Type-C,,Bluetooth® v5.2,,"65W SUPERVOOCTM, 50W SUPERVOOCTM, 33W SUPERVOOCTM, VOOC(5V/4A), PD (9V/2A)",No,Supported,Supported,No,No
OPPO Reno7 5G,https://image.oppo.com/content/dam/oppo/common/mkt/v2-2/reno7/navigation/Reno7_navigation-black_2.png.thumb.webp ,579,OPPO,Portrait Mode,,ColorOS 12 based on Android 11,about 160.6mm,about 73.2mm,about 7.81mm,8 cores with a maximum clock rate of 2.4GHz (2 big cores + 6 little cores),MediaTek Dimensity 900,6.40 inches,FHD (2400 × 1080),"
Maximum: 90Hz
Options: 90Hz or 60Hz",Supported,Supported,"Wi-Fi 6 (802.11ax), Wi-Fi 5 (802.11ac), 802.11a/b/g/n/
Wi-Fi 2.4G/5.1G/5.8G
Wi-Fi Display and Wi-Fi tethering","Up to 4K@30fps,",2,4K,8GB,256GB,Supported,Type-C,,Bluetooth® v5.2,,"65W SUPERVOOCTM, 50W SUPERVOOCTM, 33W SUPERVOOCTM, VOOC (5V/4A), PD (9V/2A)",No,Supported,Supported,No,No
OPPO A3 5G,https://image.oppo.com/content/dam/oppo/common/mkt/v2-2/ab5-a3-5g-en/list-page-new/nebula_red_en.png.thumb.webp,300,OPPO,"Military-Grade Shock Resistance, Multiple Liquid Resistance",,ColorOS 14.0.1,about 165.79mm,about 76.14mm,about 7.68mm,8 cores,MediaTek Dimensity 6300,6.67,HD + (1604 × 720),Maximum: 120Hz,Supported,Supported,"Wi-Fi 5 (802.11ac), 802.11a/b/g/n
WLAN 2.4G/WLAN 5G
WLAN Display; WLAN tethering; 1 x 1 SISO",50MP,3,Night ,6GB,128GB,Supported,Type-C,,"Bluetooth® 5.3, Bluetooth® Low Energy",,"45W SUPERVOOCTM; backward compatible with 33W SUPERVOOCTM, 13.5W PD",No,Supported,Supported,No,No
OPPO A3,https://image.oppo.com/content/dam/oppo/common/mkt/v2-2/a40-a3-a40m-a60/listpage/427-600-white.png.thumb.webp,250,OPPO,"Military-Grade Shock Resistance, Multiple Liquid Resistance",,ColorOS 14.0.1,about 165.71mm,about 76.02mm,about 7.68mm,8 cores,MediaTek Dimensity 6300,6.67,HD + (1604 × 720),Maximum: 120Hz,Supported,Supported,"Wi-Fi 5 (802.11ac) , 802.11a/b/g/n
WLAN 2.4G/WLAN 5.1G/WLAN 5.8G
WLAN Display; WLAN tethering",50MP,2,Night ,4GB,128GB,Supported,Type-C,,Bluetooth® 5.3,,"45W SUPERVOOCTM, SUPERVOOCTM, VOOC, PD2.0",No,Supported,Supported,No,No
OPPO A3x,https://image.oppo.com/content/dam/oppo/common/mkt/v2-2/a20-a3x/listpage/427-600-blue.png.thumb.webp,200,OPPO,"Military-Grade Shock Resistance, Multiple Liquid Resistance",,ColorOS 14.0,about 165.77mm,about 76.08mm,about 7.68mm,8 cores,Qualcomm® Snapdragon® 6s 4G Gen1,6.67,HD + (1604 × 720),Maximum: 90Hz,Supported,Supported,"
Wi-Fi 5 (802.11ac), 802.11a/b/g/n
WLAN 2.4G/WLAN 5G
WLAN Display
WLAN network tethering
Wi-Fi 5GHz 80MHz",50MP,2,Night ,4GB,128GB,Supported,Type-C,,"Bluetooth® 5.0, BLE",,"SUPERVOOCTM 2.0, 45W (11V/4.1A), PPS, 45W (11V/4.1A) (only supported for EU)",No,Supported,Supported,No,No
OPPO A3 Pro 5G,https://image.oppo.com/content/dam/oppo/common/mkt/v2-2/oppo-a3-pro-5g-en/list-page/427_600-purple.png.thumb.webp,400,OPPO,"360° Damage-Proof Armour Body, 120Hz Ultra Bright Display",,ColorOS 14.0.1,about 165.79mm,about 76.14mm,about 7.68mm,8 cores,MediaTek Dimensity 6300,6.67,HD + (1604 × 720),Maximum: 120Hz,Supported,Supported,"Wi-Fi 5 (802.11ac), 802.11a/b/g/n
WLAN 2.4G/WLAN 5G
WLAN Display; WLAN tethering; 1 x 1 SISO",50MP,2,Night ,6GB,128GB,Supported,Type-C,,"Bluetooth® 5.3, Bluetooth® Low Energy",,"45W SUPERVOOCTM; backward compatible with 33W SUPERVOOCTM, 13.5W PD",No,Supported,Supported,No,No
OPPO A60,https://image.oppo.com/content/dam/oppo/common/mkt/v2-2/oppo-a60/list-page/427-600-blue.png.thumb.webp,350,OPPO,"Military-Grade Shock Resistance, Splash Touch",,ColorOS 14.0.1,165.71mm,76.02mm,7.68mm,8 cores,Qualcomm Snapdragon® 680,6.67 inches (diagonal),HD + (1604 x 720),90/60Hz,Supported,Supported,"
Wi-Fi 5 (802.11ac), 802.11a/b/g/n
WLAN 2.4G/WLAN 5.1G/WLAN 5.8G
WLAN Display; WLAN network sharing",50MP,2,Night ,8GB,128GB,Supported,Type-C,,"Bluetooth® v5.0, Bluetooth® Low Energy",,45W SUPERVOOCTM,No,Supported,Supported,No,No
OPPO A79 5G,https://image.oppo.com/content/dam/oppo/common/mkt/v2-2/a79-5g-en/listpage/a79-5g-427_600-green.png.thumb.webp,450,OPPO,"Glowing Feather Design, FHD+ Sunlight Display",,ColorOS 13.1,about 165.6mm,about 76.0mm,Glowing Green and Mystery Black: about 7.99mm,8 cores,MT6833,6.72 inches (diagonal),FHD+ (2400x1080),90/60Hz,Supported,Supported,"2.4GHz, 5GHz",50MP,2,Night ,8GB,128GB,Supported,Type-C,,"Bluetooth® 5.3, Bluetooth® Low Energy",,33W SUPERVOOCTM,No,Supported,Supported,No,No
OPPO A18,https://image.oppo.com/content/dam/oppo/common/mkt/v2-2/a18-en/specs/a18-black-blue.png,150,OPPO,"5000mAh Large Battery, 90Hz Sunlight Display",,ColorOS 13.1,about 163.74mm,about 75.03mm,about 8.16mm,"8 cores, up to 2.0GHz",MediaTek Helio G85,6.56",HD+ (1612x720),90/60Hz,Supported,Supported,"Wi-Fi 5 (802.11ac), 802.11a/b/g/n/;
WLAN 2.4G/WLAN 5G;
WLAN Display; WLAN tethering; 1x1SOSO; Wi-Fi 5GHz 80MHz",8MP,2,Night ,4GB,128GB,Supported,Type-C,,"Bluetooth® 5.3, Bluetooth® Low Energy",,45W SUPERVOOCTM,No,Supported,Supported,No,No
OPPO A38,https://image.oppo.com/content/dam/oppo/common/mkt/v2-2/a38-en/listpage/a38-427_600-gold.png.thumb.webp,199,OPPO,"33W SUPERVOOCTM, 50MP AI Camera",,ColorOS 13.1,about 163.74mm,about 75.03mm,about 8.16mm,"8 cores, up to 2.0GHz",MediaTek Helio G85,6.56",HD+ (1612x720),90/60Hz,Supported,Supported,"
Wi-Fi 5 (802.11ac), 802.11a/b/g/n/;
WLAN 2.4G/WLAN 5G;
WLAN Display; WLAN tethering; 1x1SOSO; Wi-Fi 5GHz 80MHz",50MP,2,Night ,4GB,128GB,Supported,Type-C,,"Bluetooth® 5.3, Bluetooth® Low Energy",,"SUPERVOOCTM 33W, VOOC",No,Supported,Supported,No,No
OPPO A58,https://image.oppo.com/content/dam/oppo/common/mkt/v2-2/a58-en/listpage/a58-427_600-green.png.thumb.webp,249,OPPO,"33W SUPERVOOCTM, 5000mAh Battery",,ColorOS 13.1,about 165.65mm,about 75.98mm,about 7.99mm,"8 cores, up to 2.0GHz",MediaTek Helio G85,6.72,FHD+(2400×1080),180Hz,Supported,Supported,"Wi-Fi 5 (802.11ac), 802.11a/b/g/n;
WLAN 2.4G/WLAN 5G;
Supports WLAN Display; WLAN sharing",50MP,2,Night ,6GB,128GB,Supported,Type-C,,"Bluetooth® 5.3, Bluetooth® Low Energy",,"SUPERVOOCTM 33W, VOOC",No,Supported,Supported,No,No
OPPO A78,https://image.oppo.com/content/dam/oppo/common/mkt/v2-2/a78-en/listpage/a78-427_600-green.png.thumb.webp,279,OPPO,"67W SUPERVOOCTM, 8GB + 8GB Extended RAM",,ColorOS 13.1,about 160.01mm,about 73.23mm,about 7.93mm,8 cores,Qualcomm® Snapdragon™ 680,6.43",FHD+(2400×1080),90Hz/60Hz,Supported,Supported,"Wi-Fi 5 (802.11ac), 802.11a/b/g/n;
WLAN 2.4G/WLAN 5.1G/WLAN 5.8G;
WLAN Display; WLAN network sharing",50MP,2,Night ,8GB,256GB,Supported,Type-C,,"Bluetooth® v5.0, Bluetooth® Low Energy",,67W SUPERVOOCTM,No,Supported,Supported,No,No
OPPO A98 5G,https://image.oppo.com/content/dam/oppo/common/mkt/v2-2/a98-5g-en/navigation/a98-5g-427x600-blue.png.thumb.webp,123,OPPO,"67W SUPERVOOCTM, 120Hz Silky Smooth Large Screen",,ColorOS 13.1,about 165.6mm,about 76.1mm,about 8.20mm,"8 cores, up to 2.2GHz",Qualcomm® Snapdragon™ 695 (SDM 695),6.72,FHD+(2400×1080),Maximum: 120Hz,Supported,Supported,"
Wi-Fi 5 (802.11ac), 802.11a/b/g/n/;
WLAN 2.4G/WLAN 5.1G/WLAN 5.8G;
Wi-Fi Display is supported; Wi-Fi network sharing",64MP,2,Night ,8GB,256GB,Supported,Type-C,,"Bluetooth® v5.1, Bluetooth® Low Energy",,"67W SUPERVOOCTM, VOOC, and PD (9V/2A)",No,Supported,Supported,No,No
OPPO A78 5G,https://image.oppo.com/content/dam/oppo/common/mkt/v2-2/a78-5g-en/navigation/a78-5g-427x600_Blue.png.thumb.webp,400,OPPO,"50MP AI Camera, RAM Expansion Up To 8GB",,ColorOS 13,about 163.8mm,about 75.1mm,about 7.99mm,"8 cores, up to 2.2GHz",MediaTek 6833,6.56",HD+ (1612×720),Maximum: 90Hz,Supported,Supported,"
Supports Wi-Fi 5 (802.11ac), 802.11a/b/g/n;
Wi-Fi 2.4GHz/Wi-Fi 5.1GHz/Wi-Fi 5.4GHz/Wi-Fi 5.8GHz;
Supports Wi-Fi Display; Wi-Fi network sharing",50MP,2,Night ,4GB,128GB,Supported,Type-C,,"Bluetooth® v5.3, Bluetooth® Low Energy (Bluetooth® Low Energy)",,"33W SUPERVOOCTM, VOOC, and PD (9 V/2 A) fast charging protocols are supported",No,Supported,Supported,No,No
OPPO A17,https://image.oppo.com/content/dam/oppo/common/mkt/v2-2/a17-en/navigation/a17-427x600_Blue.png.thumb.webp,108,OPPO,"Premium Leather-Feel Design, 50MP AI Camera",,ColorOS 12.1,about 164.2mm,about 75.6mm,about 8.3mm,"8 cores, up to 2.3GHz",MediaTek Helio G35,6.56",HD+ (1612×720),Maximum: 90Hz,Supported,Supported,"Supports Wi-Fi 5 (802.11ac), 802.11a/b/g/n;
WLAN 2.4G/WLAN 5.1G/WLAN 5.8G;
Supports WLAN Display; WLAN network sharing",50MP,2,Night ,4GB,64GB,Supported,Type-C,,"Bluetooth® v5.3, Bluetooth® Low Energy (Bluetooth® Low Energy)",,,No,Supported,Supported,No,No
OPPO A17k,https://image.oppo.com/content/dam/oppo/common/mkt/v2-2/a17k-en/listpage/a17k-427x600_gold.png.thumb.webp,123,OPPO,"5000mAh Long-Lasting Battery, Up to 4GB Extended RAM",,ColorOS 12.1,about 164.2mm,about 75.6mm,about 8.3mm,"8 cores, up to 2.3GHz",MediaTek Helio G35,6.56",HD+ (1612×720),Maximum: 60Hz,Supported,Supported,"Supports Wi-Fi 5 (802.11ac), 802.11a/b/g/n;
WLAN 2.4G/WLAN 5.1G/WLAN 5.8G;
Supports WLAN Display; WLAN network sharing",50MP,3,Night ,3GB,64GB,Supported,Type-C,,"Bluetooth® v5.3, Bluetooth® Low Energy (Bluetooth® Low Energy)",,,No,Supported,Supported,No,No
OPPO A57,https://image.oppo.com/content/dam/oppo/common/mkt/v2-2/a57-en/navigation/A57-427x600-green.png.thumb.webp,230,OPPO,"33W SUPERVOOCTM, Ultra-Linear Stereo Speaker",,ColorOS 12.1,about 163.74 mm,about 75.03 mm,about 7.99 mm,"8 cores, up to 2.3 GHZ",MediaTek Helio G35,6.56",1612 x 720 (HD+),60 Hz,Supported,Supported,"
802.11 ac/a/b/g/n/;
WLAN 2.4G/WLAN 5G;
Wi-Fi Display and WLAN Network Sharing",13MP,2,Night ,3GB,64GB,Supported,Type-C,,Bluetooth® 5.3 Low Energy,,33W SUPERVOOCTM,No,Supported,Supported,No,No
OPPO A57s,https://image.oppo.com/content/dam/oppo/common/mkt/v2-2/a77-en/navigation/a77-427x600_Blue.png.thumb.webp,123,OPPO,Dual Camera,,ColorOS 12.1,about 163.74mm,about 75.03mm,about 7.99mm,"8 cores, up to 2.3GHZ",MediaTek Helio G35,6.56",1612 x 720 (HD+),60 Hz,Supported,Supported,"
802.11 ac/a/b/g/n
WLAN 2.4G/WLAN 5G
Wi-Fi Display and WLAN Network Sharing",50MP,2,Night ,4 GB, 64 GB,Supported,Type-C,,Bluetooth® 5.3 Low Energy,,33W SUPERVOOCTM,No,Supported,Supported,No,No
OPPO A77 5G,https://image.oppo.com/content/dam/oppo/common/mkt/v2-2/a77-5g/navigation/A77_navigation_427x600-blue.png.thumb.webp,405,OPPO,"5000mAh, Ultra-Linear Stereo Speaker",,ColorOS 12.1,about 163.8 mm,about 75.1 mm,about 7.99 mm,"8 cores, up to 2.4 GHz",MediaTek Dimensity 810,16.66 cm (6.56 inches),1612 x 720 (HD+),60 Hz/90 Hz,Supported,Supported,"
802.11 ac/a/b/g/n/
WLAN 2.4G/WLAN 5.1G/WLAN 5.8G
WLAN Network Sharing",48MP,2,Night ,6 GB ,128 GB,Supported,Type-C,,Bluetooth® v5.3,,33W SUPERVOOCTM,No,Supported,Supported,No,No
OPPO A96,https://image.oppo.com/content/dam/oppo/common/mkt/v2-2/a96-en/navigation/A96-navigation-pink-v1.png.thumb.webp,300,OPPO,"33W SUPERVOOCTM, 5000mAh Long-Lasting Battery",,ColorOS 11.1,about 164.4mm,about 75.7mm,about 8.4mm,"8 cores, up to 2.4 GHz",Qualcomm Snapdragon 680,6.59 inches,FHD+ (2412 x 1080),Options: 60Hz/90Hz,Supported,Supported,"
Wi-Fi 5 (802.11ac), 802.11a/b/g/n/;
WLAN 2.4G/WLAN 5.1G/WLAN 5.8G;
Supports Wi-Fi Display and Wi-Fi tethering",50MP,2,Night ,8GB,128 GB,Supported,Type-C,,Bluetooth® v5.0,,33W SUPERVOOCTM,No,Supported,Supported,No,No
Y300 Plus 5G,https://in-exstatic-vivofs.vivo.com/gdHFRinHEMrj3yPG/1728549548432/72f91ec5b1e164a013271c16f49bf7b2.png,400,,,,,,,,,,,,,,,,,,,,,,,,,,,,,,,
T3 Ultra,https://in-exstatic-vivofs.vivo.com/gdHFRinHEMrj3yPG/1725940162651/5e4dba98f1345e120bffdafb9a6eceae.png,534,Vivo,"The Vivo Y300 Plus 5G is an affordable 5G smartphone with a large display, decent performance, and a reliable camera for everyday use.",,Android 14,159.7 mm,75.4 mm,8.2 mm,2.4 GHz,Octa-core,17.22 cm,2400 × 1080 pixels,120 Hz,Yes,Yes,Wi-Fi 6,32 MP,2,Both,8 GB,128 GB,Not Supported,Yes,High-quality stereo speakers,Bluetooth 5.1,5000 mAh,Yes (up to 18W),No,Yes,Yes,No,No
T3 Pro 5G,https://in-exstatic-vivofs.vivo.com/gdHFRinHEMrj3yPG/1724730154097/6f3a02c346afa70efeebf7f2e9b90582.png,417,Vivo,The Vivo T3 Ultra is a powerful smartphone featuring a sleek design and advanced specifications for performance and photography enthusiasts.,,Android 13,164.2 mm,75.3 mm,8.5 mm,3.0 GHz,MEdia Tek Dimensity 1300,16.9418 cm,2400 × 1080 pixels,120 Hz,Yes,Yes,Wi-Fi 6,64 MP,3,Both,8 GB/12 GB,128GB/256GB,Yes,Yes,Hi-Res Audio,Bluetooth 5.2,5000 mAh,66 w,No,Yes,Yes,No,No
V40,https://in-exstatic-vivofs.vivo.com/gdHFRinHEMrj3yPG/1722858595146/cb4084383c668a7ca2ceb7c96b45a86b.png,584,Vivo,"The Vivo T3 Pro 5G is a mid-range smartphone with 5G connectivity, a smooth AMOLED display, Snapdragon 782G chipset, and a powerful camera setup, offering premium features at a competitive price.",,Android 14,163.72 mm,75 mm,7.99 mm,2.84 GHz,Qualcomm Snapdragon 7 Gen 3,6.67 inches,2400 x 1080 pixels,120 Hz,Yes,Yes,Wi-Fi 6,64 MP,3,Both,8GB,128 GB/256 GB,Yes,No,Good quality stereo speakers,Bluetooth 5.3,5500 mAh,80W,No,Yes,Yes,No,No
V40 Pro,https://in-exstatic-vivofs.vivo.com/gdHFRinHEMrj3yPG/1722858131536/370a92f0be2ea0d41d198ab9ba298ee7.png,834,Vivo,"The Vivo V40 is a sleek mid-range smartphone offering a smooth display, capable camera system, and solid performance for everyday tasks and light gaming.",,Android 11,158.9 mm,73.5 mm,7.4 mm,2.4 GHz,MediaTek Dimensity 800U,6.44 inches,2400 x 1080 pixels,90 Hz,Yes,Yes,Wi-Fi 5,64 MP,4,Both,8 GB / 12 GB,128 GB/256 GB,Yes,No,Stereo speakers,Bluetooth 5.3,4000 mAh,44W,No,Yes,Yes,No,No
V40e,https://in-exstatic-vivofs.vivo.com/gdHFRinHEMrj3yPG/1726630614436/e3984aa90afb23cd1f7656f372c2fb5f.png,484,Vivo,"The Vivo V40 Pro is a premium smartphone featuring a powerful processor, high-quality display, advanced camera system, and 5G connectivity for a superior all-around performance.",,Android 11,158.5 mm,73.4 mm,8.3 mm,3.0 GHz,MediaTek Dimensity 1200,6.56 inches,2376 x 1080 pixels,120 Hz,Yes,Yes,Wi-Fi 6,108 MP,4,Both,8 GB / 12 GB,128 GB/256 GB,Yes,No,Dual stereo speakers,Bluetooth 5.3,4500 mAh,66W,No,Yes,Yes,No,No
X Fold3 Pro,https://in-exstatic-vivofs.vivo.com/gdHFRinHEMrj3yPG/1727322954051/f243e39d6ae5534277eb47b9aa2ac5be.png,2667,Vivo,"The Vivo V40e is an affordable yet stylish smartphone offering a smooth display, decent performance, and a reliable camera setup, perfect for everyday use.",,Android 14,159.3 mm,73.9 mm,7.7 mm,2.05 GHz,MediaTek Helio G95,6.44 inches,2400 x 1080 pixels,60 Hz,Yes,Yes,Wi-Fi 5,64 MP,3,Both,8GB,128 GB/256 GB,Yes,No,Standard,Bluetooth 5.3,4000 mAh,44W,No,Yes,Yes,No,No
Y28e 5G,https://in-exstatic-vivofs.vivo.com/gdHFRinHEMrj3yPG/1719902607382/d69944dbde9719c8e3d506ce4fe3c873.png,184,Vivo,"The Vivo X Fold3 Pro is a flagship foldable smartphone with cutting-edge design, powerful performance, and advanced cameras for a premium user experience.",,Android 14,160.6 mm,74.5 mm,14.6 mm,3.2 GHz,Qualcomm Snapdragon 8 Gen 2,8.03 inches,2520 x 1080 pixels,120 Hz,Yes,Yes,Wi-Fi 6E,50 MP,4,Both,12 GB,256 GB / 512 GB,Yes,No,Stereo speakers,Bluetooth 5.3,4800 mAh,120W,Yes,Yes,Yes,No,Yes
Y28s 5G,https://in-exstatic-vivofs.vivo.com/gdHFRinHEMrj3yPG/1719902358698/a0ef01403a72391d04ef05167f7626a7.png,225,Vivo,"The Vivo Y28e 5G is an affordable 5G smartphone offering solid performance, a smooth display, and reliable connectivity for everyday use.",,Android 13,164.1 mm,75.2 mm,8.3 mm,2.0 GHz,MediaTek Dimensity 6020,6.58 inches,2408 x 1080 pixels,90 Hz,Yes,Yes,Wi-Fi 5,50 MP,3,Night mode,8 GB,128 GB,No,Yes,Standard,Bluetooth 5.1,5000 mAh,18W,No,Yes,Yes,No,No
T3 Lite 5G,https://in-exstatic-vivofs.vivo.com/gdHFRinHEMrj3yPG/1719391867885/4a6c4e5fb574413e821f0d4b1273ddfc.png,175,Vivo,"The Vivo Y28s 5G is a budget-friendly 5G smartphone with a sleek design, smooth display, and reliable performance for everyday tasks and connectivity.",,Android 13,164.1 mm,75.2 mm,8.2 mm,2.2 GHz,MediaTek Dimensity 6100+,6.56 inches,1612 x 720 pixels,90 Hz,Yes,Yes,Wi-Fi 5,50 MP,3,Night mode,8 GB,128 GB,No,Yes,Standard,Bluetooth 5.1,5000 mAh,18W,No,Yes,Yes,No,No
Y58 5G,https://in-exstatic-vivofs.vivo.com/gdHFRinHEMrj3yPG/1718094295394/b579d2061195a7e318fdf301bffbbdfc.png,309,Vivo,"The Vivo T3 Lite 5G is an entry-level 5G smartphone offering fast connectivity, a smooth display, and decent performance, making it a solid choice for budget-conscious users.",,Android 13,164.1 mm,75.2 mm,8.5 mm,2.2 GHz,MediaTek Dimensity 6100,6.58 inches,2408 x 1080 pixels,90 Hz,Yes,Yes,Wi-Fi 5,50 MP,3,Night mode,8 GB,128 GB,No,Yes,Good quality single speaker,Bluetooth 5.1,5000 mAh,15W,No,Yes,Yes,No,No
Y200 Pro 5G,https://in-exstatic-vivofs.vivo.com/gdHFRinHEMrj3yPG/1715591368538/d1ebb730c21820610f8fdd2be8fe6311.png,417,Vivo,"The Vivo Y58 5G is an affordable 5G smartphone with a sleek design, smooth display, and reliable performance for everyday tasks and fast connectivity.",,Android 13,164.2 mm,75.1 mm,8.3 mm,2.0 GHz,MediaTek Dimensity 6100,6.64 inches,2408 x 1080 pixels,90 Hz,Yes,Yes,Wi-Fi 5,50 MP,3,Night  mode,6 GB,128 GB,Yes,Yes,Mono speaker,Bluetooth 5.0,5000 mAh,18W,No,No,Yes,No,No
Y18i,https://in-exstatic-vivofs.vivo.com/gdHFRinHEMrj3yPG/1721376140615/3ba191701fe986995253c73670017c98.png,134,Vivo,"The Vivo Y200 Pro 5G is a mid-range 5G smartphone with solid performance, a great display, and versatile cameras.",,Android 14,160.5 mm,73.5 mm,7.9 mm,3.0 GHz,Octa-core processor,6.7 inches,2400 x 1080 pixels,120 Hz,Yes,Yes,Wi-Fi 6,108 MP,3,Both,8 GB,256 GB,Yes,Yes,Stereo speakers,Bluetooth 5.2,4500 mAh,67W,No,No,Yes,No,No
Y18,https://in-exstatic-vivofs.vivo.com/gdHFRinHEMrj3yPG/1714126385089/efbb2d09671fdd09116c42f8544d011c.jpg,142,Vivo,"The Vivo Y18i is an affordable smartphone with a large display, reliable performance, and a simple camera setup, ideal for everyday use.",,Android 12,158 mm,75 mm,8.8 mm,2.0 GHz,Octa-core processor,6.5 inches,720 x 1600 pixels,60 Hz,No,Yes,Wi-Fi 802.11 b/g/n,13MP,2,Night mode ,4 GB / 6 GB,64 GB / 128 GB,No,Yes,Standard mono speaker,Bluetooth 5.0,5000 mAh,18W,No,Yes,Yes,No,No
Y18t,https://in-exstatic-vivofs.vivo.com/gdHFRinHEMrj3yPG/1721376392453/dace5f2159a658513b752b82ac32fc98.png,159,Vivo,"The Vivo Y18 is an entry-level smartphone offering a large display, basic performance, and a straightforward camera setup for everyday tasks.",,Android 14,162 mm,76 mm,8.5 mm,2.0 GHz,Mediatek Helio G85,6.5 inches,720 x 1600 pixels,60 Hz,No,Yes,Wi-Fi 802.11 b/g/n,13 MP,2,Night mode ,4 GB / 6 GB,64 GB / 128 GB,No,Yes,Standard mono speaker,Bluetooth 5.0,5000 mAh,18W,No,Yes,Yes,No,No
Y18e,https://in-exstatic-vivofs.vivo.com/gdHFRinHEMrj3yPG/1713952607866/f1da09e18aedf539a6eb56df10bee7e3.png,134,Vivo,"The Vivo Y18t is a budget-friendly smartphone with a large display, decent performance, and a simple camera system, designed for basic everyday use.",,Android 14,162 mm,76 mm,8.5 mm,2.0 GHz,MediaTek Helio,6.5 inches,720 x 1600 pixels,60 Hz,No,Yes,Wi-Fi 802.11 b/g/n,13 MP,2,Night mode ,4 GB / 6 GB,64 GB / 128 GB,No,Yes,Standard mono speaker,Bluetooth 5.0,5000 mAh,18W,No,Yes,Yes,No,No
X100 Pro,https://in-exstatic-vivofs.vivo.com/gdHFRinHEMrj3yPG/1702983248432/61ad5ee6e72682f52d8aa495e314c56c.png,1500,Vivo,"The Vivo Y18e is an affordable smartphone with a large display, reliable performance, and essential features for everyday use.",,Android 14,162 mm,76 mm,8.5 mm,2.0 GHz,MediaTek Helio,6.5 inches,720 x 1600 pixels,60 Hz,No,Yes,Wi-Fi 802.11 b/g/n,13 MP,2,Night mode ,4 GB / 6 GB,64 GB / 128 GB,No,Yes,Standard mono speaker,Bluetooth 5.0,5000 mAh,18W,No,Yes,Yes,No,No
X100,https://in-exstatic-vivofs.vivo.com/gdHFRinHEMrj3yPG/1702983371711/7955f5b8de2146fe3c93e394880c055b.png,1067,Vivo,"The Vivo X100 Pro is a flagship smartphone featuring a powerful processor, an advanced camera system, and a stunning display, designed for high-performance and photography enthusiasts.",,Android 14,164.6 mm,75.3 mm,9.5 mm,3.0 GHz,MediaTek Dimensity or Snapdragon,6.78 inches,1260 x 2800 pixels,120 Hz,Yes,Yes,Wi-Fi 802.11 a/b/g/n/ac/6,50 MP,3,Both,12GB/16GB,256 GB / 512 GB,Yes,No,High-quality stereo speakers,Bluetooth 5.3,4800 mAh,120W,Yes,Yes,Yes,No,No
X90 Pro,https://in-exstatic-vivofs.vivo.com/gdHFRinHEMrj3yPG/1672823342537/729721879de5da21e25981cbc2140652.png,1534,Vivo,"The Vivo X100 is a premium smartphone with powerful performance, a stunning display, and an advanced camera system.",,Android 14,164 mm,74.8 mm,8.9 mm,3.0 GHz,MediaTek Dimensity or Snapdragon,6.67 inches,1080 x 2400 pixels,120 Hz,Yes,Yes,Wi-Fi 802.11 a/b/g/n/ac/6,50 MP,3,Both,8 GB / 12 GB,256 GB / 512 GB,Yes,No,High-quality stereo speakers,Bluetooth 5.3,4800 mAh,120W,Yes,Yes,Yes,No,No
X90,https://in-exstatic-vivofs.vivo.com/gdHFRinHEMrj3yPG/1672823187398/8d7e918f497b33450db612540979ea40.png,1084,Vivo,"The Vivo X90 Pro is a flagship smartphone with exceptional performance, a stunning display, and a cutting-edge camera system for top-tier photography and gaming.",,Android 13,164.1 mm,74.2 mm,9.5 mm,3.0 GHz,MediaTek Dimensity 9200 or Snapdragon,6.78 inches,1260 x 2800 pixels,120 Hz,Yes,Yes,Wi-Fi 802.11 a/b/g/n/ac/6,50 MP,3,Both,8 GB / 12 GB,256 GB / 512 GB,Yes,No,High-quality stereo speakers,Bluetooth 5.3,4870 mAh,120W,Yes,Yes,Yes,No,No
V30 Pro,https://in-exstatic-vivofs.vivo.com/gdHFRinHEMrj3yPG/1709635469044/31246eb5171ab13eabab2334cdb9b9a6.png,650,Vivo,"The Vivo X90 is a premium smartphone offering powerful performance, a vibrant display, and an advanced camera system for an enhanced user experience.",,Android 13,164 mm,74.2 mm,8.5 mm,3.0 GHz,MediaTek Dimensity 9200 or Snapdragon,6.78 inches,1260 x 2800 pixels,120 Hz,Yes,Yes,Wi-Fi 802.11 a/b/g/n/ac/6,50 MP,3,Both,8 GB / 12 GB,256 GB / 512 GB,Yes,No,High-quality stereo speakers,Bluetooth 5.3,4810 mAh,120W,Yes,Yes,Yes,No,No
V30,https://in-exstatic-vivofs.vivo.com/gdHFRinHEMrj3yPG/1709633892940/8d2b048cc6f94321e93ac8940473eede.png,500,Vivo,The Vivo V30 Pro is a high-performance smartphone with a sleek design and advanced camera features for an enhanced user experience.,,Android 14,158.5 mm,73.5 mm,8.6 mm,2.5 GHz,MediaTek Dimensity or Snapdragon,6.44 inches,1080 x 2400 pixels,90 Hz,Yes,Yes,Wi-Fi 802.11 a/b/g/n/ac,64 MP,3,Both,8 GB / 12 GB,128 GB / 256 GB,Yes,Yes,Standard stereo speakers,Bluetooth 5.0,4500 mAh,33W,No,Yes,Yes,No,No
T3x 5G,https://in-exstatic-vivofs.vivo.com/gdHFRinHEMrj3yPG/1728644311845/e45e26ac168715887496499d44f8e9f6.png,217,Vivo,"The Vivo V30 is a mid-range smartphone offering solid performance, a vibrant display, and a reliable camera system for everyday use.",,Android 14,158.5 mm,74.3 mm,7.7 mm,2.4 GHz,MediaTek Dimensity 800,6.44 inches,2400 x 1080 pixels,90 Hz,Yes,Yes,Wi-Fi 802.11 a/b/g/n/ac,64 MP,3,Both,8GB/12GB,128GB/256GB/512GB,Yes,Yes,Dual speakers,Bluetooth 5.1,4500 mAh,33W,No,Yes,Yes,No,No
V30e,https://in-exstatic-vivofs.vivo.com/gdHFRinHEMrj3yPG/1713954756728/7679983127c4d5f13c8dd7b08f9a7b8f.png,434,Vivo,A budget-friendly 5G smartphone designed for performance and connectivity with a sleek design.,,Android 13,164.2 mm,75.6 mm,8.6 mm,2.4 GHz,MediaTek Dimensity 6100,6.58 inches,2408 x 1080 pixels,120 Hz,Yes,Yes,Wi-Fi 802.11 a/b/g/n/ac,64 MP,3,Both,4GB/6GB/8GB,128 GB,Yes,Yes,Mono speaker,Bluetooth 5.1,5000 mAh,18W,No,Yes,Yes,No,No
V29e 5G,https://in-exstatic-vivofs.vivo.com/gdHFRinHEMrj3yPG/1692691698575/c0f180bba865685a87025f8ff514ab13.png,467,Vivo,A stylish mid-range smartphone that combines performance and photography capabilities with a sleek design.,,Android 14,158.5 mm,74.2 mm,8.2 mm,2.0 GHz,MediaTek Helio G90,6.44 inches,2400 x 1080 pixels,60 Hz,No,Yes,Wi-Fi 802.11 a/b/g/n/ac,64 MP,3,Both,8 GB,28GB/256GB,Yes,Yes,Dual speakers,Bluetooth 5.0,4500 mAh,33W,No,Yes,Yes,No,No
V29,https://in-exstatic-vivofs.vivo.com/gdHFRinHEMrj3yPG/1696919264819/883afd607c31d38d4b0702d700286be7.png,550,Vivo,A sleek 5G smartphone designed for performance and photography enthusiasts.,,Android 13,158.3 mm,73.5 mm,7.7 mm,2.6 GHz,MediaTek Dimensity 6100+,6.78 inches,2400 x 1080 pixels,120 Hz,Yes,Yes,Wi-Fi 6,64 MP,2,Both,8GB,128GB/256GB,Yes,Yes,High-quality stereo speakers,Bluetooth 5.1,5500mAh,44W,No,Yes,Yes,No,No
V29 Pro,https://in-exstatic-vivofs.vivo.com/gdHFRinHEMrj3yPG/1695815300450/9ff14aaa7dd2d865de0e46cbdf9b7953.png,667,Vivo,A feature-packed smartphone with advanced camera capabilities and a sleek design.,,Android 14,158.5 mm,74.3 mm,7.6 mm,2.6 GHz,Qualcomm Snapdragon 7 Gen 3,6.4 inches,2400 x 1080 pixels,90 Hz,Yes,Yes,Wi-Fi 802.11 a/b/g/n/ac/6e,64 MP,3,Both,8GB/12GB,128GB/256GB/512GB,Yes,No,High-fidelity stereo speakers,Bluetooth 5.3,5000mAh,80W,No,Yes,Yes,No,No
T3 5G,https://in-exstatic-vivofs.vivo.com/gdHFRinHEMrj3yPG/1711096727909/5acec932b1d760589733b3b529e44d0a.png,342,Vivo,A premium smartphone with advanced features for photography and performance.,,Android 13,158.9 mm,73.5 mm,7.6 mm,3.1 GHz,MediaTek Dimensity 8200,6.7 inches,2412 x 1080 pixels,120 Hz,Yes,Yes,Wi-Fi 802.11 a/b/g/n/ac,50 MP,3,Both,8GB/12GB,256 GB,Yes,Yes,High-quality stereo speakers,Bluetooth 5.3,4800 mAh,66W,No,Yes,Yes,No,No
T2 Pro 5G,https://in-exstatic-vivofs.vivo.com/gdHFRinHEMrj3yPG/1695352073864/2678cc7ea36b6dfe43806c0dd32a0003.png,384,Vivo,A budget-friendly 5G smartphone designed for everyday performance and connectivity.,,Android 13,162.5 mm,74.7 mm,8.5 mm,2.5 GHz,MediaTek Dimensity 6020,6.67 inches,2408 x 1080 pixels,120 Hz,Yes,Yes,Wi-Fi 802.11 a/b/g/n/ac,50 MP,3,Both,8 GB,128 GB/256 GB,Yes,Yes,Good quality stereo speakers,Bluetooth 5.1,5000 mAh,44W,No,Yes,Yes,No,No
V27 Pro,https://in-exstatic-vivofs.vivo.com/gdHFRinHEMrj3yPG/1677136564513/61700a6c726f389ef4ae2b1662ce6783.png,700,Vivo,"A high-performance smartphone with a focus on speed, camera capabilities, and 5G connectivity.",,Android 13,158.9 mm,73.5 mm,7.6 mm,2.85 GHz,MediaTek Dimensity 7200,6.7 inches,2400 x 1080 pixels,120 Hz,Yes,Yes,Wi-Fi 802.11 a/b/g/n/ac,64 MP,3,Both,8 GB,128GB/ 256GB,Yes,Yes,High-quality stereo speakers,Bluetooth 5.3,4700 mAh,66W,No,Yes,Yes,No,No
V27,https://in-exstatic-vivofs.vivo.com/gdHFRinHEMrj3yPG/1677578839819/d3a0e8fda185e0e930eec73464b3fd3f.png,617,Vivo,"A premium smartphone focusing on camera technology and performance, suitable for photography enthusiasts.",,Android 13,158.9 mm,73.5 mm,7.6 mm,3.0 GHz,MediaTek Dimensity 8200,6.78 inches,2400 x 1080 pixels,120 Hz,Yes,Yes,Wi-Fi 802.11 a/b/g/n/ac,50 MP,3,Both,8GB/12GB,128GB/256GB,Yes,Yes,High-quality stereo speakers,Bluetooth 5.3,4600 mAh,66W,No,Yes,Yes,No,No
Y200e 5G,https://in-exstatic-vivofs.vivo.com/gdHFRinHEMrj3yPG/1707028891382/99077445ce22019ccd5f7f6f66821d7e.png,334,Vivo,A stylish smartphone with a focus on camera performance and sleek design.,,Android 13,158.9 mm,73.5 mm,7.4 mm,2.8 GHz,MediaTek Dimensity 8020,6.62 inches,2400 x 1080 pixels,120 Hz,Yes,Yes,Wi-Fi 802.11 a/b/g/n/ac,50 MP,3,Both,8GB/12GB,128GB/256GB,Yes,Yes,High-quality stereo speakers,Bluetooth 5.2,4600 mAh,66W,No,Yes,Yes,No,No
Y28 5G,https://in-exstatic-vivofs.vivo.com/gdHFRinHEMrj3yPG/1703069127021/2ad04905cc3222558bf076ffa7d94bf3.png,225,Vivo,A budget-friendly 5G smartphone with solid performance and good camera capabilities.,,Android 13,159.2 mm,73.7 mm,8.5 mm,2.5 GHz,Qualcomm Snapdragon 4 Gen 2,6.67 inches,2400 x 1080 pixels,120 Hz,Yes,Yes,Wi-Fi 802.11 a/b/g/n/ac,64 MP,2,Both,6GB/8GB,128GB,Yes,Yes,Good quality stereo speakers,Bluetooth 5.1,5000 mAh,44W,No,Yes,Yes,No,No
Y200  5G,https://in-exstatic-vivofs.vivo.com/gdHFRinHEMrj3yPG/1697697201650/8e6d287b17d0f48c0475cfb69a421c5f.png,384,Vivo,Mid-range 5G smartphone with a focus on performance and value for money.,,Android 13,164 mm,76 mm,8 mm,2.2 GHz,MediaTek Dimensity 700 or similar 5G chipset,6.56 inches,2400 x 1080 pixels,90Hz,Yes,Yes,Wi-Fi 802.11 a/b/g/n/ac,50 MP,3,Night mode ,4GB/6GB/8GB,128GB,Yes,No,Mono speaker ,Bluetooth 5.1,5000mAh,18W,No,Yes,Yes,No,No
Y17s,https://in-exstatic-vivofs.vivo.com/gdHFRinHEMrj3yPG/1695194200439/8689f8c059e3e6083b6b50cb69d88da1.png,159,Vivo,"Mid-range 5G smartphone with a focus on performance, design, and value for money.",,Android 13,164.2 mm,76.4 mm,8.2 mm,2.2 GHz,Qualcomm Snapdragon 695 5G chipset,6.67 inches,2400 x 1080 pixels,120Hz,Yes,Yes,Wi-Fi 802.11 a/b/g/n/ac,64 MP,3,Night mode ,8GB,128GB,Yes,Yes,Mono speaker ,Bluetooth 5.2,5000 mAh,33W,No,Yes,Yes,No,No
Y36,https://in-exstatic-vivofs.vivo.com/gdHFRinHEMrj3yPG/1683690756151/940c3899135cefeb2037de61f59387e4.png,367,Vivo,"Affordable mid-range smartphone with a large battery, decent performance, and camera capabilities.",,Android 13,164.3 mm,76.3 mm,8.5 mm,2.3 GHz,MediaTek Helio P35 or similar,6.44 inches,1600 x 720 pixels,60Hz,No,Yes,Wi-Fi 802.11 a/b/g/n/ac,50MP,3,Night mode ,4GB/6GB,128 GB,Yes,Yes,Mono speaker ,Bluetooth 5.0,5000 mAh,18W,No,Yes,Yes,No,No
Y27,https://in-exstatic-vivofs.vivo.com/gdHFRinHEMrj3yPG/1687936711208/1e0e253737fbde7062309845808a91e6.png,184,Vivo,"Mid-range 5G smartphone with a large battery, smooth display, and efficient performance.",,Android 13,164.1 mm,76.1 mm,8.0 mm,2.6 GHz,Qualcomm Snapdragon 680,6.64 inches,2388 x 1080 pixels,90Hz,Yes,Yes,Wi-Fi 802.11 a/b/g/n/ac,50MP,3,Night mode ,4GB/8GB,128 GB,Yes,Yes,Mono speaker ,Bluetooth 5.2,5000 mAh,44W,No,Yes,Yes,No,No
Y02t,https://in-exstatic-vivofs.vivo.com/gdHFRinHEMrj3yPG/1682220486254/eedba14032d0e897492c7b27ed7c7515.png,125,Vivo,"Affordable 4G smartphone offering solid performance, a decent display, and a large battery for everyday usage.",,Android 13,164.2 mm,76.1 mm,8.1 mm,2.0 GHz,MediaTek Helio G85,6.51 inches,1600 x 720 pixels,60Hz,No,Yes,Wi-Fi 802.11 a/b/g/n/ac,50MP,3,Night mode ,6GB/8GB,128GB,Yes,Yes,Mono speaker ,Bluetooth 5.0,5000 mAh,18W,No,Yes,Yes,No,No
Y100,https://in-exstatic-vivofs.vivo.com/gdHFRinHEMrj3yPG/1675665170366/03a75d13718658a42103142adc9c306c.png,500,Vivo,"Affordable, entry-level smartphone with essential features.",,Android 13,164 mm,76 mm,8.4 mm,2.3 GHz,MediaTek Helio P35,6.51 inches,1600 x 720 pixels,60Hz,No,Yes,Wi-Fi 802.11 b/g/n,8 MP,2,Night mode ,3GB / 4GB RAM,32GB / 64GB,No,Yes,Mono speaker,Bluetooth 5.0,5000 mAh,10W,No,Yes,Yes,No,No
Y100A,https://in-exstatic-vivofs.vivo.com/gdHFRinHEMrj3yPG/1679994305105/2def8ba268f51579fdf06d76778dc451.png,500,Vivo,"Mid-range smartphone with a premium design, good camera setup, and solid performance.",,Android 13,160.9 mm,73.6 mm,7.7 mm,2.4 GHz,Qualcomm Snapdragon 685,6.67 inches,2400 x 1080 pixels,90Hz,Yes,Yes,Wi-Fi 802.11 a/b/g/n/ac,64 MP,3,Both,6GB / 8GB,128GB / 256GB,Yes,No,Stereo speakers (Dual speakers),Bluetooth 5.2,4500 mAh,44W,No,Yes,Yes,No,No
Y56 5G,https://in-exstatic-vivofs.vivo.com/gdHFRinHEMrj3yPG/1674897447751/92e3860c56a87da93ce6f4d5da68605d.png,417,Vivo,"Mid-range smartphone with an AMOLED display, powerful processor, and impressive camera features.",,Android 13,160.5 mm,73.8 mm,7.8 mm,2.5 GHz,MediaTek Dimensity 900,6.38 inches,2400 x 1080 pixels,90Hz,Yes,Yes,Wi-Fi 802.11 a/b/g/n/ac,64MP,3,Both,6GB / 8GB,128GB / 256GB,Yes,Yes,Stereo speakers (Dual speakers),Bluetooth 5.2,4500 mAh,44W,No,Yes,Yes,No,No
Y02,https://in-exstatic-vivofs.vivo.com/gdHFRinHEMrj3yPG/1674010989817/e52afb17f01a8ea93f109045fdc56e4a.png,117,Vivo,"Budget 5G smartphone with a good display, solid performance, and 50MP camera.",,Android 13,164.1 mm,76.1 mm,8.5 mm,2.2 GHz,MediaTek Dimensity 700,6.58 inches,2408 x 1080 pixels,60Hz,Yes,Yes,Wi-Fi 802.11 a/b/g/n/ac,50 MP,3,Night mode ,4GB / 6GB RAM,128GB,No,Yes,Mono speaker,Bluetooth 5.1,5000 mAh,18W,No,Yes,Yes,No,No
Y22,https://in-exstatic-vivofs.vivo.com/gdHFRinHEMrj3yPG/1662350314108/be3403ec6c43eaa429f6bd489911bf5a.png,317,Vivo,"Budget-friendly smartphone with essential features, designed for basic use.",,Android 12,164.2 mm,75.6 mm,8.5 mm,2.0 GHz,"Budget-friendly smartphone with essential features, designed for basic use.",6.51 inches,1600 x 720 pixels,60Hz,No,Yes,Wi-Fi 802.11 b/g/n,8MP,2,Night mode ,2GB/3GB,32GB,No,Yes,Mono speaker,Bluetooth 5.0,5000 mAh,10W,No,Yes,Yes,No,No
Y35,https://in-exstatic-vivofs.vivo.com/gdHFRinHEMrj3yPG/1660563267114/9df1dd662d4307a4fb6ba5f3e4fb0a74.png,384,Vivo,"Budget-friendly smartphone with a large battery, decent camera, and solid performance.",,Android 12,164.3 mm,76.1 mm,8.38 mm,2.0 GHz,MediaTek Helio G85,6.55 inches,1612 x 720 pixels,60Hz,No,Yes,Wi-Fi 802.11 a/b/g/n/ac,50 MP,3,Night mode ,4GB / 6GB RAM,64GB / 128GB,Yes,Yes,Mono speaker,Bluetooth 5.0,5000 mAh,18W,No,Yes,Yes,No,No
Y75 5G,https://in-exstatic-vivofs.vivo.com/gdHFRinHEMrj3yPG/1642582617956/98ae248a36efe9e591ed8b958ac66b58.png,434,Vivo,"Mid-range smartphone offering a high refresh rate display, good camera, and long-lasting battery life.",,Android 12,164.3 mm,76.1 mm,8.0 mm,2.4 GHz,Qualcomm Snapdragon 680,6.58 inches,2408 x 1080 pixels,90Hz,No,Yes,Wi-Fi 802.11 a/b/g/n/ac,50 MP,4,Night mode ,4GB / 6GB,128GB,Yes,Yes,Mono speaker,Bluetooth 5.0,5000 mAh,44W,No,Yes,Yes,No,No
Y16,https://in-exstatic-vivofs.vivo.com/gdHFRinHEMrj3yPG/1663840989894/496ff8b0a9e1b18d0063d858b28a2e1a.png,267,Vivo,"The Vivo Y75 5G is a budget-friendly 5G smartphone offering a decent performance with a sleek design, featuring a 50MP camera, a large battery, and 5G connectivity.",,Android 12,164.1 mm,75.4 mm,8.25 mm,2.2 GHz,MediaTek Dimensity 700,6.58 inches,2408 x 1080 pixels,90Hz,Yes,Yes,Wi-Fi 802.11 a/b/g/n/ac,50 MP,4,Night mode ,8 GB,128 GB,No,Yes,Standard Mono speakers,Bluetooth 5.1,5000 mAh,18W,No,No,Yes,No,No
T2x 5G,https://in-exstatic-vivofs.vivo.com/gdHFRinHEMrj3yPG/1708310823906/b872ab7735f0bb458fd057c15381bcac.png,200,Vivo,"The Vivo Y16 is an affordable smartphone with a 6.51-inch display, dual-camera setup, a 5000mAh battery, and a MediaTek Helio P35 processor, offering solid performance for everyday use.",,Android 12,164.26 mm,76.08 mm,8.19 mm,2.3 GHz,MediaTek Helio P35,6.51 inches,1600 x 720 pixels,60Hz,No,Yes,Wi-Fi 802.11 b/g/n,13 MP,3,Night mode ,4 GB,64 GB,No,Yes,Standard Mono speakers,Bluetooth 5.0,5000 mAh,10W,No,No,Yes,No,No
T2 5G,https://in-exstatic-vivofs.vivo.com/gdHFRinHEMrj3yPG/1680607448636/e819e13a52870d4fe5c24097f0d84c2a.png,267,Vivo,"The Vivo T2x 5G is an affordable 5G-enabled smartphone offering a large display, solid performance, dual cameras, and a powerful battery, aimed at users seeking a budget-friendly 5G device.",,Android 12,164.2 mm,75.8 mm,8.5 mm,2.2 GHz,MediaTek Dimensity 6020,6.58 inches,2408 x 1080 pixels,90Hz,Yes,Yes,Wi-Fi 802.11 a/b/g/n/ac,50 MP,3,Night mode ,4 GB / 6 GB,64 GB / 128 GB,No,Yes,Standard Mono speaker,Bluetooth 5.1,5000 mAh,18W,No,No,Yes,No,No
T1x,https://in-exstatic-vivofs.vivo.com/gdHFRinHEMrj3yPG/1657765696139/ee9431e6452f96b860a10c9dc0aeaacc.png,284,Vivo,"The Vivo T2 5G is a mid-range smartphone designed for users who seek fast 5G connectivity, powerful performance with a Snapdragon chipset, and a reliable camera system, all packed into a sleek and modern design.",,Android 13,164.1 mm,76.2 mm,8.5 mm,2.4 GHz,Qualcomm Snapdragon 695,6.38 inches,2400 x 1080 pixels,90Hz,Yes,Yes,Wi-Fi 802.11 a/b/g/n/ac,64 MP,3,Both,6 GB / 8 GB,128 GB,Yes,Yes,Stereo speakers,Bluetooth 5.1,4500 mAh,44W,No,Yes,Yes,No,No
T1 5G,https://in-exstatic-vivofs.vivo.com/gdHFRinHEMrj3yPG/1643352961564/25afcbf86095ddd586c3dc0b1370faa4.png,334,Vivo,"The Vivo T1x is a budget-friendly 4G smartphone that offers a smooth 90Hz display, reliable performance with a Qualcomm Snapdragon chipset, and a large battery, making it a great choice for everyday tasks and light gaming.",,Android 11,164.3 mm,76.1 mm,8.5 mm,2.0 GHz,Qualcomm Snapdragon 680,6.58 inches,2408 x 1080 pixels,90Hz,No,Yes,Wi-Fi 802.11 a/b/g/n/ac,50 MP,3,Night mode ,4 GB / 6 GB,64 GB / 128 GB,No,Yes,Mono speaker,Bluetooth 5.0,5000 mAh,18W,No,No,Yes,No,No
T1 Pro 5G,https://in-exstatic-vivofs.vivo.com/gdHFRinHEMrj3yPG/1650440283152/f3a503ac50d6ab45b27bf96f926b18c8.png,484,Vivo,"The Vivo T1 5G is a budget-friendly mid-range smartphone with 5G, a 120Hz display, Snapdragon 695 processor, and a reliable camera system.",,Android 12,164.2 mm,76.1 mm,8.25 mm,2.2 GHz,Qualcomm Snapdragon 695,6.58 inches,2408 x 1080 pixels,120Hz,Yes,Yes,Wi-Fi 802.11 a/b/g/n/ac,50 MP,3,Both,4 GB / 6 GB,128 GB,Yes,Yes,Mono speaker,Bluetooth 5.1,5000 mAh,18W,No,No,Yes,No,No
T1,https://in-exstatic-vivofs.vivo.com/gdHFRinHEMrj3yPG/1650512113089/b194403687afd2212c4cf035d28d8e65.png,334,Vivo,"The Vivo T1 Pro 5G is a high-performance mid-range smartphone with 5G, a 90Hz AMOLED display, Snapdragon chipset, and a triple-camera system, offering fast performance at an affordable price.",,Android 12,159.7 mm,73.6 mm,8.49 mm,2.84 GHz,Qualcomm Snapdragon 695 5G,6.44 inches,2404 x 1080 pixels,90Hz,Yes,Yes,Wi-Fi 802.11 a/b/g/n/ac,64 MP,4,Both,6 GB / 8 GB,128 GB,Yes,No,Mono speaker,Bluetooth 5.1,4500 mAh,66W,No,Yes,Yes,No,No
Galaxy Z Fold6,https://images.samsung.com/is/image/samsung/p6pim/ca/sm-f956wzsaxac/gallery/ca-galaxy-z-fold6-f956-514101-sm-f956wzsaxac-thumb-543000183?$172_172_PNG$,"2,564.99",Vivo,"The Vivo T1 is an entry-level 4G smartphone with a Snapdragon chipset, 90Hz display, and dual-camera setup, offering solid performance at an affordable price.",,Android 11,164.3 mm,76.1 mm,8.5 mm,2.0 GHz,Qualcomm Snapdragon 680,6.58 inches,2408 x 1080 pixels,90Hz,No,Yes,Wi-Fi 802.11 a/b/g/n/ac,50 MP,4,Night mode ,4 GB / 6 GB,64 GB / 128 GB,No,Yes,Mono speaker,Bluetooth 5.0,5000 mAh,18W,No,No,Yes,No,No
Galaxy Z Fold6,https://images.samsung.com/is/image/samsung/p6pim/ca/sm-f956wzsaxac/gallery/ca-galaxy-z-fold6-f956-514101-sm-f956wzsaxac-thumb-543000183?$172_172_PNG$,"2,724.99",,,,,,,,,,,,,,,,,,,,,,,,,,,,,,,
Galaxy Z Fold6,https://images.samsung.com/is/image/samsung/p6pim/ca/sm-f956wzsaxac/gallery/ca-galaxy-z-fold6-f956-514101-sm-f956wzsaxac-thumb-543000183?$172_172_PNG$,"3,044.99",Samsung,"Foldable design with a large AMOLED display, multitasking features, and premium build quality.",,Android,153,132.6,5.6,"3.39GHz, 3.1GHz, 2.9GHz, 2.2GHz",Octa-Core,193.2,2160 x 1856,120 Hz,Yes,Yes,"802.11a/b/g/n/ac/ax 2.4GHz+5GHz+6GHz, HE160, MIMO, 1024-QAM",50.0 MP,,Yes,256,12,Yes,USB Type-C,,Bluetooth v5.3,4400,,Yes,Yes,Yes,Yes,Yes
Galaxy Z Flip6,https://images.samsung.com/is/image/samsung/p6pim/ca/sm-f741wlbaxac/gallery/ca-galaxy-zflip6-f741-sm-f741wlbaxac-thumb-543000387?$172_172_PNG$,"1,462.99",Samsung,Compact flip design with advanced hinge technology and water resistance.,,Android,153,132.6,5.6,"3.39GHz, 3.1GHz, 2.9GHz, 2.2GHz",Octa-Core,193.2,2160 x 1856,120 Hz,Yes,Yes,"802.11a/b/g/n/ac/ax 2.4GHz+5GHz+6GHz, HE160, MIMO, 1024-QAM",50.0 MP,,Yes,512,12,Yes,USB Type-C,,Bluetooth v5.3,4400,,Yes,Yes,Yes,Yes,Yes
Galaxy Z Fold6 (Online Exclusive),https://images.samsung.com/is/image/samsung/p6pim/ca/sm-f956wakaxac/gallery/ca-galaxy-z-fold6-f956-sm-f956wakaxac-thumb-543000261?$172_172_PNG$,"2,564.99",Samsung,Exclusive edition with military-grade durability and enhanced multitasking.,,Android,153,132.6,5.6,"3.39GHz, 3.1GHz, 2.9GHz, 2.2GHz",Octa-Core,193.2,2160 x 1856,120 Hz,Yes,Yes,"802.11a/b/g/n/ac/ax 2.4GHz+5GHz+6GHz, HE160, MIMO, 1024-QAM",50.0 MP,,Yes,1000,12,Yes,USB Type-C,,Bluetooth v5.3,4400,,Yes,Yes,Yes,Yes,Yes
Galaxy Z Fold6 (Online Exclusive),https://images.samsung.com/is/image/samsung/p6pim/ca/sm-f956wakaxac/gallery/ca-galaxy-z-fold6-f956-sm-f956wakaxac-thumb-543000261?$172_172_PNG$,"2,724.99",Samsung,"Foldable design with a large AMOLED display, multitasking features, and premium build quality.",,Android,165.1,71.9,6.9,"3.39GHz, 3.1GHz, 2.9GHz, 2.2GHz",Octa-Core,170.3,2640 x 1080,120 Hz,Yes,Yes,"802.11a/b/g/n/ac/ax 2.4GHz+5GHz+6GHz, HE160, MIMO, 1024-QAM",50.0 MP,,Yes,256,12,Yes,USB Type-C,,Bluetooth v5.3,4000,,Yes,Yes,Yes,Yes,Yes
Galaxy Z Flip6 (Online Exclusive),https://images.samsung.com/is/image/samsung/p6pim/ca/sm-f741wakaxac/gallery/ca-galaxy-zflip6-f741-513290-sm-f741wakaxac-thumb-543000671?$172_172_PNG$,"1,462.99",Samsung,Exclusive edition with military-grade durability and enhanced multitasking.,,Android,153.5,132.6,5.6,"3.39GHz, 3.1GHz, 2.9GHz, 2.2GHz",Octa-Core,193.2,2160 x 1856,120 Hz,Yes,Yes,"802.11a/b/g/n/ac/ax 2.4GHz+5GHz+6GHz, HE160, MIMO, 1024-QAM",50.0 MP,,Yes,256,12,Yes,USB Type-C,,Bluetooth v5.3,4400,,Yes,Yes,Yes,Yes,Yes
Galaxy Z Flip6 (Online Exclusive),https://images.samsung.com/is/image/samsung/p6pim/ca/sm-f741wakaxac/gallery/ca-galaxy-zflip6-f741-513290-sm-f741wakaxac-thumb-543000671?$172_172_PNG$,"1,622.99",Samsung,Exclusive edition with military-grade durability and enhanced multitasking.,,Android,153.5,132.6,5.6,"3.39GHz, 3.1GHz, 2.9GHz, 2.2GHz",Octa-Core,193.2,2160 x 1856,120 Hz,Yes,Yes,"802.11a/b/g/n/ac/ax 2.4GHz+5GHz+6GHz, HE160, MIMO, 1024-QAM",50.0 MP,,Yes,512,12,Yes,USB Type-C,,Bluetooth v5.3,4400,,Yes,Yes,Yes,Yes,Yes
Galaxy S24 FE,https://images.samsung.com/is/image/samsung/p6pim/ca/sm-s721wzkaxac/gallery/ca-galaxy-s24-fe-s721-sm-s721wzkaxac-thumb-543633852?$172_172_PNG$,919.99,Samsung,Exclusive edition with military-grade durability and enhanced multitasking.,,Android,165.1,71.9,6.9,"3.39GHz, 3.1GHz, 2.9GHz, 2.2GHz",Octa-Core,170.3,2640 x 1080 ,120 Hz,Yes,Yes,"802.11a/b/g/n/ac/ax 2.4GHz+5GHz+6GHz, HE160, MIMO, 1024-QAM",50.0 MP,,Yes,256,12,Yes,USB Type-C,,Bluetooth v5.3,4000,,Yes,Yes,Yes,Yes,Yes
Galaxy S24 FE,https://images.samsung.com/is/image/samsung/p6pim/ca/sm-s721wzkaxac/gallery/ca-galaxy-s24-fe-s721-sm-s721wzkaxac-thumb-543633852?$172_172_PNG$,999.99,Samsung,Exclusive edition with military-grade durability and enhanced multitasking.,,Android,165.1,71.9,6.9,"3.39GHz, 3.1GHz, 2.9GHz, 2.2GHz",Octa-Core,170.3,2640 x 1080 ,120 Hz,Yes,Yes,"802.11a/b/g/n/ac/ax 2.4GHz+5GHz+6GHz, HE160, MIMO, 1024-QAM",50.0 MP,,Yes,512,12,Yes,USB Type-C,,Bluetooth v5.3,4000,,Yes,Yes,Yes,Yes,Yes
Galaxy S24 Ultra,https://images.samsung.com/is/image/samsung/p6pim/ca/2401/gallery/ca-galaxy-s24-s928-sm-s928wztfxac-thumb-539323566?$172_172_PNG$,"1,799.99",Samsung,"Sleek design with fast performance, pro-grade camera, and energy-efficient processor.",,Android,162,77.3,8,"3.1GHz, 2.9GHz, 2.6GHz, 1.95GHz",Deca-Core,170.1,1080 x 2340 ,120 Hz,Yes,Yes,"802.11a/b/g/n/ac/ax 2.4GHz+5GHz+6GHz, HE160, MIMO, 1024-QAM",50.0 MP,,Yes,128,8,Yes,USB Type-C,,Bluetooth v5.3,4700,,No,Yes,Yes,Yes,No
Galaxy S24 Ultra,https://images.samsung.com/is/image/samsung/p6pim/ca/2401/gallery/ca-galaxy-s24-s928-sm-s928wztfxac-thumb-539323566?$172_172_PNG$,"1,959.99",Samsung,"Sleek design with fast performance, pro-grade camera, and energy-efficient processor.",,Android,162,77.3,8,"3.1GHz, 2.9GHz, 2.6GHz, 1.95GHz",Deca-Core,170.1,1080 x 2340 ,,Yes,Yes,"802.11a/b/g/n/ac/ax 2.4GHz+5GHz+6GHz, HE160, MIMO, 1024-QAM",50.0 MP,,Yes,256,8,Yes,USB Type-C,,Bluetooth v5.3,4700,,No,Yes,Yes,Yes,No
Galaxy S24+,https://images.samsung.com/is/image/samsung/p6pim/ca/2401/gallery/ca-galaxy-s24-plus-sm-s926wzkexac-thumb-539316408?$172_172_PNG$,"1,399.99",Samsung,"Premium flagship with a 200 MP camera, long-lasting battery, and S Pen support.",,Android,162.3,79,8.6,"3.39GHz, 3.1GHz, 2.9GHz, 2.2GHz",Octa-Core,172.5,3120 x 1440,120 Hz,Yes,Yes,"802.11a/b/g/n/ac/ax/be 2.4GHz+5GHz+6GHz, EHT320, MIMO, 4096-QAM",50.0 MP,,Yes,256,8,Yes,USB Type-C,,Bluetooth v5.3,5000,,Yes,Yes,Yes,Yes,No
Galaxy S24+,https://images.samsung.com/is/image/samsung/p6pim/ca/2401/gallery/ca-galaxy-s24-plus-sm-s926wzkexac-thumb-539316408?$172_172_PNG$,"1,559.99",Samsung,"Premium flagship with a 200 MP camera, long-lasting battery, and S Pen support.",,Android,162.3,79,8.6,"3.39GHz, 3.1GHz, 2.9GHz, 2.2GHz",Octa-Core,172.5,3120 x 1440,120 Hz,Yes,Yes,"802.11a/b/g/n/ac/ax/be 2.4GHz+5GHz+6GHz, EHT320, MIMO, 4096-QAM",200.0 MP,,Yes,512,12,Yes,USB Type-C,,Bluetooth v5.3,5000,,Yes,Yes,Yes,Yes,No
Galaxy S24,https://images.samsung.com/is/image/samsung/p6pim/ca/2401/gallery/ca-galaxy-s24-sm-s921wzyexac-thumb-539292502?$172_172_PNG$,"1,099.99",Samsung,"Large display, adaptive refresh rate, and military-grade shock resistance.",,Android,158.5,75.9,7.7,"3.39GHz, 3.1GHz, 2.9GHz, 2.2GHz",Octa-Core,169.1,3120 x 1440,120 Hz,Yes,Yes,"802.11a/b/g/n/ac/ax 2.4GHz+5GHz+6GHz, HE160, MIMO, 1024-QAM",50.0 MP,,Yes,256,8,Yes,USB Type-C,,Bluetooth v5.3,4900,,Yes,Yes,Yes,Yes,No
Galaxy S24,https://images.samsung.com/is/image/samsung/p6pim/ca/2401/gallery/ca-galaxy-s24-sm-s921wzyexac-thumb-539292502?$172_172_PNG$,"1,179.99",Samsung,"Large display, adaptive refresh rate, and military-grade shock resistance.",,Android,158.5,75.9,7.7,"3.39GHz, 3.1GHz, 2.9GHz, 2.2GHz",Octa-Core,169.1,3120 x 1440,120 Hz,Yes,Yes,"802.11a/b/g/n/ac/ax 2.4GHz+5GHz+6GHz, HE160, MIMO, 1024-QAM",50.0 MP,,Yes,512,12,Yes,USB Type-C,,Bluetooth v5.3,4900,,Yes,Yes,Yes,Yes,No
Galaxy S24 Ultra (Online Exclusive),https://images.samsung.com/is/image/samsung/p6pim/ca/2401/gallery/ca-galaxy-s24-s928-490239-sm-s928wlbfxac-thumb-539386370?$172_172_PNG$,"2,279.99",Samsung,Slim and powerful with all-day battery life and advanced liquid cooling system.,,Android,147,70.6,7.6,"3.39GHz, 3.1GHz, 2.9GHz, 2.2GHz",Octa-Core,156.4,2340 x 1080,120 Hz,Yes,Yes,"802.11a/b/g/n/ac/ax 2.4GHz+5GHz+6GHz, HE160, MIMO, 1024-QAM",50.0 MP,,Yes,128,8,Yes,USB Type-C,,Bluetooth v5.3,4000,,Yes,Yes,Yes,Yes,No
Galaxy A35 5G,https://images.samsung.com/is/image/samsung/p6pim/ca/sm-a356wzkaxac/gallery/ca-galaxy-a35-5g-sm-a356-sm-a356wzkaxac-thumb-540231712?$172_172_PNG$,399.99,Samsung,Slim and powerful with all-day battery life and advanced liquid cooling system.,,Android,147,70.6,7.6,"3.39GHz, 3.1GHz, 2.9GHz, 2.2GHz",Octa-Core,156.4,2340 x 1080,120 Hz,Yes,Yes,"802.11a/b/g/n/ac/ax 2.4GHz+5GHz+6GHz, HE160, MIMO, 1024-QAM",50.0 MP,,Yes,256,8,Yes,USB Type-C,,Bluetooth v5.3,4000,,Yes,Yes,Yes,Yes,No
Galaxy A15 5G,https://images.samsung.com/is/image/samsung/p6pim/ca/sm-a156wzkaxac/gallery/ca-galaxy-a15-5g-sm-a156-sm-a156wzkaxac-thumb-539651204?$172_172_PNG$,269.99,Samsung,"Exclusive flagship with a titanium frame, S Pen, and enhanced durability.",,Android,162.3,79,8.6,"3.39GHz, 3.1GHz, 2.9GHz, 2.2GHz",Octa-Core,172.5,3120 x 1440,120 Hz,Yes,Yes,"802.11a/b/g/n/ac/ax/be 2.4GHz+5GHz+6GHz, EHT320, MIMO, 4096-QAM",200.0 MP,,Yes,1000,12,Yes,USB Type-C,,Bluetooth v5.3,5000,,Yes,Yes,Yes,Yes,No
Galaxy XCover6 Pro,https://images.samsung.com/is/image/samsung/p6pim/ca/sm-g736wzkdxac/gallery/ca-galaxy-xcover6-pro-sm-g736-sm-g736wzkdxac-thumb-534176285?$172_172_PNG$,769.99,Samsung,Affordable 5G phone with a smooth display and robust build for daily use.,,Android,161.7,78,8.2,"2.4GHz, 2GHz",Deca-Core,168.3,1080 x 2340,120 Hz,Yes,Yes,"802.11a/b/g/n/ac/ax 2.4GHz+5GHz, HE80, MIMO, 1024-QAM",50.0 MP,,Yes,128,6,Yes,USB Type-C,,Bluetooth v5.3,5000,,No,Yes,Yes,Yes,No
iPhone 16 Pro Max,https://images.ctfassets.net/0dosbz4m3xx1/1D9fiWOCTcv2V274X2kf8z/a739092abb1035680611b3679a5f96ed/icon_find-a-store-white.svg,$46/mo.,Samsung,Entry-level smartphone with a durable design and reliable 5G connectivity.,,Android,160.1,76.8,8.4,"2.2GHz, 2GHz",Deca-Core,163.9,1080 x 2340,120 Hz,Yes,Yes,"802.11a/b/g/n/ac 2.4GHz+5GHz, VHT80",50.0 MP ,,Yes,128,4,Yes,USB Type-C,,Bluetooth v5.3,5000,,No,Yes,Yes,Yes,No
iPhone 16 Pro,https://images.ctfassets.net/0dosbz4m3xx1/4lQgH5pVHKLphrn3Hlww9z/3cb63d3b6abd5357f69757d10b097708/Freedom_logo.png,$38/mo.,Samsung,"Military-grade shock resistance, multiple liquid resistance, and rugged design.",,Android,168.8,79.9,9.9,"2.4GHz, 1.8GHz",Octa-Core,167.2,1080 x 2408,120 Hz,Yes,Yes,"802.11 a/b/g/n/ac/ax 2.4G+5GHz+6GHz, HE160, MIMO, 1024-QAM",50.0 MP,,Yes,128,6,Yes,USB Type-C,,Bluetooth v5.2,4050,,No,Yes,Yes,Yes,No
iPhone 16,https://images.ctfassets.net/0dosbz4m3xx1/1D9fiWOCTcv2V274X2kf8z/a739092abb1035680611b3679a5f96ed/icon_find-a-store-white.svg,$29/mo.,,,,,,,,,,,,,,,,,,,,,,,,,,,,,,,
iPhone 16 Plus,https://shop.freedommobile.ca/_next/image?url=https%3A%2F%2Fimages.ctfassets.net%2Fszuukvy7owq5%2F6zcNIW8cgi6mPKrxirYvhH%2F177edc7de29e4c2f3be30e9e9faf1f86%2FFreedom_5G_icon_lg.png&w=3840&q=100,$33/mo.,Apple,High-performance device with titanium build and action button for advanced tasks.,,IOS,6.9'',3'',0.32'',3.70GHz,A18 pro chip,,NA,NA,Supported,Not Supported,NA,48MP,3,NA,NA,256/512/1TB,NA,No,NA,NA,NA,Yes,Yes,Yes,No,No,NO
iPhone 15,https://shop.freedommobile.ca/_next/image?url=https%3A%2F%2Fimages.ctfassets.net%2Fszuukvy7owq5%2F5fdPAs8VvKtbsK7RPbDghz%2F9cf6ca57e3bc95785405f2d7fa227044%2Fiphone16promax-desert-front.png%3Ffm%3Dwebp&w=3840&q=50,$25/mo.,Apple,Premium smartphone with triple-lens camera and aerospace-grade aluminum body.,,IOS,6.3'',2.8'',0.32'',3.70GHz,A18 pro chip,,NA,NA,Supported,Not Supported,NA,48MP,3,NA,NA,128/256/512/1TB,NA,No,NA,NA,NA,Yes,Yes,Yes,No,No,No
Pixel 9 Pro,https://shop.freedommobile.ca/_next/image?url=https%3A%2F%2Fimages.ctfassets.net%2Fszuukvy7owq5%2F6zcNIW8cgi6mPKrxirYvhH%2F177edc7de29e4c2f3be30e9e9faf1f86%2FFreedom_5G_icon_lg.png&w=3840&q=100,$44/mo.,Apple,Standard model with durable glass back and water resistance.,,IOS,6.1'',2.8'',0.31'',3.46GHz,A17 pro chip,,NA,NA,Supported,Not Supported,NA,48MP,2,NA,NA,128/256/512,NA,No,NA,NA,NA,Yes,Yes,Yes,No,No,No
Galaxy S24 FE,https://shop.freedommobile.ca/_next/image?url=https%3A%2F%2Fimages.ctfassets.net%2Fszuukvy7owq5%2F558shrQdQaunRQNKaQ2XSl%2Fd2d5242042ef304512f7efd7e496e8ce%2Fiphone16pro-natural-front.png%3Ffm%3Dwebp&w=3840&q=50,$30/mo.,Apple,"Large display, ceramic shield, and long battery life for media enthusiasts.",,IOS,6.7'',2.81'',0.31'',3.46GhHz,A17 Bionic chip,,NA,NA,Supported,Not Supported,NA,48MP,2,NA,NA,128/256/512,NA,No,NA,NA,NA,Yes,Yes,Yes,No,No,No
motorola razr+ 2024,https://shop.freedommobile.ca/_next/image?url=https%3A%2F%2Fimages.ctfassets.net%2Fszuukvy7owq5%2F6zcNIW8cgi6mPKrxirYvhH%2F177edc7de29e4c2f3be30e9e9faf1f86%2FFreedom_5G_icon_lg.png&w=3840&q=100,$20/mo.,Apple,Reliable performance with advanced liquid resistance and sleek design.,,IOS,6.1'',2.82'',0.31'',3.23GHz,A16 Bionic chip,,NA,NA,Supported,Not Supported,NA,48MP,2,NA,NA,128/512,NA,No,NA,NA,NA,Yes,Yes,Yes,No,No,No
Pixel 8,https://shop.freedommobile.ca/_next/image?url=https%3A%2F%2Fimages.ctfassets.net%2Fszuukvy7owq5%2F6uYsjQ8l0mPTJbCoyaVXuv%2F90f5ff1ccb1fb1faf256f20f88ce9ef7%2Fiphone16-ultramarine-front.png%3Ffm%3Dwebp&w=3840&q=50,$5/mo.,Google,"Flagship device with advanced AI features, triple camera, and dust resistance.",,Android,6.3'',2.9'',0.34'',NA,Google Tensor G4 processor,,pOLED+ 1280x2424,495ppi,Supported,Not Supported,802.11 a/b/g/n/ac/ax/7,50MP wide + 48MP ultra-wide,3,NA,16,128/256,Yes,NA,NA,5.3,NA,Yes,NA,No,Yes,No,No
Pixel 9,https://shop.freedommobile.ca/_next/image?url=https%3A%2F%2Fimages.ctfassets.net%2Fszuukvy7owq5%2F76NJ4Kv3o8vRKWVnjYEkb0%2Fb2ef3a7328859dad3743d2f668cec810%2Fiphone_16_watch_on_us_buy__1_.png%3Ffm%3Dwebp&w=3840&q=100,$10/mo.,Samsung,,,Android,6.7'',2.8'',0.31'',NA,Samsung (S5E9945(Exynos 2400e)),,2340x1080(OCTA FHD+),NA,Supported,Not Supported,802.11 a/b/g/n/ac/ax,"Resolution (Rear): Telephoto: 8MP, Ultra Wide: 12MP

Resolution (Front): 10MP

Resolution (Rear): 50MP

",2,No,8gb,1,Yes,NA,NA,5.3,NA,NA,NA,NA,NA,NA,No
iPhone 14,https://shop.freedommobile.ca/_next/image?url=https%3A%2F%2Fimages.ctfassets.net%2Fszuukvy7owq5%2F6zcNIW8cgi6mPKrxirYvhH%2F177edc7de29e4c2f3be30e9e9faf1f86%2FFreedom_5G_icon_lg.png&w=3840&q=100,$20/mo.,Motorola,Stylish foldable with water-repellent design and advanced hinge durability.,,Android,6.9'',3.2'',0.28'',,Snapdragon 8s Gen 3 Mobile Platform,,(Main Display) 2640 x 1080; (Front Display) 1272 x 1080,413ppi,Supported,Not Supported,802.11 a/b/g/n/ac,32MP,2,No,12gb,256,Yes,NA,NA,5,NA,NA,NA,NA,Yes,NA,Yes
iPhone 15 Pro Max,https://shop.freedommobile.ca/_next/image?url=https%3A%2F%2Fimages.ctfassets.net%2Fszuukvy7owq5%2F1xmNMyiuoow5oiLjVHJpvr%2F5d20b2f43372a55e740bca5324c75757%2Fiphone16plus-pink-front.png%3Ffm%3Dwebp&w=3840&q=50,$39/mo.,Google,Compact phone with IP68 dust and water resistance and AI-driven performance.,,Android,6.2'',2.7'',0.32'',,Tensor G3,,FHD+ 1080x2400,428ppi,Supported,Not Supported,802.11 a/b/g/n/ac/ax/7,50MP + 12MP,2,No,8gb,128/256,Yes,NA,NA,5.3,NA,NA,NA,NA,Yes,NA,NA
iPhone 15 Pro,https://shop.freedommobile.ca/_next/image?url=https%3A%2F%2Fimages.ctfassets.net%2Fszuukvy7owq5%2F6zcNIW8cgi6mPKrxirYvhH%2F177edc7de29e4c2f3be30e9e9faf1f86%2FFreedom_5G_icon_lg.png&w=3840&q=100,$30/mo.,Google,Sleek design with scratch-resistant glass and advanced thermal management.,,Android,6.3'',2.8'',0.31'',,Tensor G4,,1280 x 2424,422ppi,Supported,Not Suported,802.11 a/b/g/n/ac/ax/7,50MP + 48MP,2,No,16gb,128/256/512,Yes,NA,NA,5.3,NA,NA,NA,NA,Yes,NA,NA
Pixel 9 Pro XL,https://shop.freedommobile.ca/_next/image?url=https%3A%2F%2Fimages.ctfassets.net%2Fszuukvy7owq5%2F6dzzoKCz255pkEV5OwpUTJ%2Fb26c2c336f3aba0e4fdd7cc3b72ac290%2Fiphone15-black-front.png%3Ffm%3Dwebp&w=3840&q=50,$27/mo.,Apple,Classic design with dual-camera system and durable aluminum build.,,IOS,6.1'',2.82'',0.31'',,A15 Bionic Chip,,NA,NA,Supported,Not Supported,NA,12MP,2,NA,NA,128,NA,No,NA,NA,NA,Yes,NA,Yes,NA,NA,NA
Samsung S24 5G,https://shop.freedommobile.ca/_next/image?url=https%3A%2F%2Fimages.ctfassets.net%2Fszuukvy7owq5%2F6zcNIW8cgi6mPKrxirYvhH%2F177edc7de29e4c2f3be30e9e9faf1f86%2FFreedom_5G_icon_lg.png&w=3840&q=100,$21.17/mo.,Apple,,,IOS,6.7'',3.06'',0.32'',,A17 Pro Chip,,NA,NA,Supported,Not Supported,NA,48Mp,3,NA,NA,256/512,NA,No,NA,NA,NA,Yes,NA,Yes,NA,NA,NA
Samsung S24 Ultra 5G,https://shop.freedommobile.ca/_next/image?url=https%3A%2F%2Fimages.ctfassets.net%2Fszuukvy7owq5%2F3EWzcB8aHSLr7WpxcJJrkm%2Fa3ad002b66bde7749a9df9597109f379%2Fpixel_9_pro_front_back_angle_obsidian.png%3Ffm%3Dwebp&w=3840&q=50,$57/mo.,Apple,,,IOS,6.1'',2.82'',0.32'',,A17 Pro Chip,,NA,NA,Supported,Not Supported,NA,48MP,3,NA,NA,128/256/512/1TB,NA,No,NA,NA,NA,Yes,NA,Yes,NA,NA,NA
Galaxy Z Flip6,https://shop.freedommobile.ca/_next/image?url=https%3A%2F%2Fimages.ctfassets.net%2Fszuukvy7owq5%2F6zcNIW8cgi6mPKrxirYvhH%2F177edc7de29e4c2f3be30e9e9faf1f86%2FFreedom_5G_icon_lg.png&w=3840&q=100,$55/mo.,Google,"Large screen, strong metal frame, and military-grade shock resistance.",,Android,6.8'',,,,Tensor G4,,2292 x 1344,482ppi,Supported,Not Supported,NA, 50 MP Wide + 48 MP Ultrawide,3,NA,16,128/256/512,Yes,No,NA,NA,NA,NA,NA,NA,Yes,NA,NA
Samsung A15,https://shop.freedommobile.ca/_next/image?url=https%3A%2F%2Fimages.ctfassets.net%2Fszuukvy7owq5%2FelTHITsK0yHDMzGpbrdDJ%2F71bb12b41fb7104f25c05127bd0cc240%2FGalaxyS24FE_Graphite_Front.png%3Ffm%3Dwebp&w=3840&q=50,$0/mo.,Samsung,,,Android,6.2'',2.7'',0.31'',,,,NA,NA,Supported,Not Supported,NA,10+50+12,3,NA,NA,128/256,NA,NA,NA,22.50.02,NA,NA,NA,NA,NA,NA,NA
Galaxy S23 FE,https://shop.freedommobile.ca/_next/image?url=https%3A%2F%2Fimages.ctfassets.net%2Fszuukvy7owq5%2F6zcNIW8cgi6mPKrxirYvhH%2F177edc7de29e4c2f3be30e9e9faf1f86%2FFreedom_5G_icon_lg.png&w=3840&q=100,$31/mo.,Samsung,,,Android,6.8'',3.0'',0.33'',,Snapdragon® 8 Gen 3,,NA,NA,Supported,Not Supported,NA,200+12+50+10,4,NA,NA,256/512,NA,NA,NA,22.50.02,NA,NA,NA,NA,NA,Yes,NA
Galaxy A54 5G,https://shop.freedommobile.ca/_next/image?url=https%3A%2F%2Fimages.ctfassets.net%2Fszuukvy7owq5%2F3XCgbuKe5ticCEBNft5gvf%2F503ed47b0d66f117d2c447a6c0c14f5a%2Frazr___flip.png%3Ffm%3Dwebp&w=3840&q=50,$10/mo.,Samsung,,,Android,6.7'',3.1'',0.28'',,,,NA,NA,Supported,Not Supported,NA,50+12,2,NA,NA,256/512,NA,NA,NA,NA,NA,NA,NA,NA,NA,NA,Yes
Galaxy A35 5G,https://shop.freedommobile.ca/_next/image?url=https%3A%2F%2Fimages.ctfassets.net%2Fszuukvy7owq5%2F6zcNIW8cgi6mPKrxirYvhH%2F177edc7de29e4c2f3be30e9e9faf1f86%2FFreedom_5G_icon_lg.png&w=3840&q=100,$19/mo.,Samsung,,,Android,6.5'',2.9'',0.33'',,"Mediatek MT6835 2xCA76 2.2GHz, 6xCA55 2.0GHz",,1080 x 2340 pixels,NA,Supported,Not Supported,802.11 a/b/g/n/ac,50MP,3,NA,4,128,Yes,NA,NA,5.3,NA,NA,NA,NA,NA,NA,NA
Pixel 8a,https://shop.freedommobile.ca/_next/image?url=https%3A%2F%2Fimages.ctfassets.net%2Fszuukvy7owq5%2F4VyKMzwR63hFxQR4sNvIOZ%2Fe73ef14537c6a10ab00156b76e13b168%2Fpixel_8_front_back_black.png%3Ffm%3Dwebp&w=3840&q=50,$25/mo.,Samsung,"Affordable flagship with Gorilla Glass Victus and IP68 water resistance.
",,Android,6.4'',2.7'',0.31'',,Octa-core (Qualcomm SM8450),,2340x1080(FHD+),NA,Supported,Not Supported,802.11 a/b/g/n/ac/ax,12+50+8,3,NA,8,128/256,Yes,NA,NA,5.3,NA,NA,NA,NA,NA,NA,NA
Galaxy Z Fold6,https://shop.freedommobile.ca/_next/image?url=https%3A%2F%2Fimages.ctfassets.net%2Fszuukvy7owq5%2F6zcNIW8cgi6mPKrxirYvhH%2F177edc7de29e4c2f3be30e9e9faf1f86%2FFreedom_5G_icon_lg.png&w=3840&q=100,$100/mo.,Samsung,Mid-range 5G device with durable frame and long-lasting battery.,,Android,6.4'',2.9'',0.32'',,E8835(Exynos 1380)/Samsung,,2340x1080,NA,Supporetd,Not Supported,802.11 a/b/g/n/ac/ax,50+12+5,3,NA,6,128,Yes,NA,NA,5.3,NA,NA,NA,NA,NA,NA,NA
Pixel 9 Pro Fold,https://shop.freedommobile.ca/_next/image?url=https%3A%2F%2Fimages.ctfassets.net%2Fszuukvy7owq5%2F1s6UesablsKeGpZZ1K7RmP%2Fa0282513db505a6ad85f909bc0222571%2Fpixel_9_front_back_obsidian.png%3Ffm%3Dwebp&w=3840&q=50,$45/mo.,Samsung,,,Android,6.5'',2.9'',0.32'',,NA,NA,NA,NA,NA,NA,NA,NA,NA,NA,NA,128,NA,NA,NA,NA,NA,NA,NA,NA,NA,NA,NA
TCL 50 XE NXTPAPER 5G,https://shop.freedommobile.ca/_next/image?url=https%3A%2F%2Fimages.ctfassets.net%2Fszuukvy7owq5%2F6zcNIW8cgi6mPKrxirYvhH%2F177edc7de29e4c2f3be30e9e9faf1f86%2FFreedom_5G_icon_lg.png&w=3840&q=100,$5/mo.,Google,Compact design with advanced camera software and liquid resistance.,,Android,5.9'',2.7'',0.32'',,NA,NA,NA,NA,NA,NA,NA,NA,NA,NA,NA,NA,NA,NA,NA,NA,NA,NA,NA,NA,NA,NA,NA
moto g play - 2024,https://shop.freedommobile.ca/_next/image?url=https%3A%2F%2Fimages.ctfassets.net%2Fszuukvy7owq5%2F3TRq64sSRux5rHiOLi5vcZ%2Ffb4ec4a0e3c1599334c29974d64d0461%2Fshop_devices_iphone14_0000s_0004_iPhone_14_Blue_Pure_Back_iPhone_14_Blue_Pure_Front_2-up_Screen__USEN.png%3Ffm%3Dwebp&w=3840&q=50,$5/mo.,Samsung,"Foldable design with a large AMOLED display, multitasking features, and premium build quality.",,Android,6.3'',5.1'',0.27'',,NA,NA,NA,NA,Supported,Not Supported,NA,12+50+10,3,NA,NA,256/512,NA,NA,NA,NA,NA,NA,NA,NA,NA,NA,Yes
Moto g power 5G - 2024,https://shop.freedommobile.ca/_next/image?url=https%3A%2F%2Fimages.ctfassets.net%2Fszuukvy7owq5%2F6zcNIW8cgi6mPKrxirYvhH%2F177edc7de29e4c2f3be30e9e9faf1f86%2FFreedom_5G_icon_lg.png&w=3840&q=100,$10/mo.,Google,Foldable design with high-end durability and advanced hinge mechanism.,,Android,6.3'',,,,Tensor G4,,280 x 2856,495ppi,Supported,Not Supported,802.11 a/b/g/n/ac/ax/7,50+48,4,NA,16,128/256/512/1TB,Yes,NA,NA,5.3,NA,NA,NA,NA,NA,NA,Yes
moto g 5G - 2024,https://shop.freedommobile.ca/_next/image?url=https%3A%2F%2Fimages.ctfassets.net%2Fszuukvy7owq5%2FHyUNrOrv4Trr5oyhy1GoC%2Fe49c44b8205dfee5dcf87b5e479c164d%2Fiphone15promax-black-front.png%3Ffm%3Dwebp&w=3840&q=50,$10/mo.,TCL,Unique NXTPAPER display with anti-glare technology and robust liquid resistance.,,Android,6.6'',2.95'',0.33'',,Mediatek Mediatek Dimensity 6100+,,720 x 1612,NA,Supported,Not Supported,802.11 a/b/g/n/ac,50+5+2,3,NA,4,128,Yes,NA,NA,5.3,NA,NA,NA,NA,NA,NA,NA
iPhone 15 Pro Max,https://shop.freedommobile.ca/_next/image?url=https%3A%2F%2Fimages.ctfassets.net%2Fszuukvy7owq5%2F6zcNIW8cgi6mPKrxirYvhH%2F177edc7de29e4c2f3be30e9e9faf1f86%2FFreedom_5G_icon_lg.png&w=3840&q=100,$40/mo.,Motorola,Budget phone with water-repellent design and durable plastic frame.,,Android,6.5'',2.9'',0.36'',,Qualcomm SM6225 4 x A73 2.4GHz + 4 x A53 1.9GHz,,1600x720 (20:9) HD+,NA,Supported,Not Supported,802.11 a/b/g/n/ac,50MP,2,NA,4,64,Yes,NA,NA,5.2,NA,NA,NA,NA,NA,NA,NA
iPhone 15 Pro,https://shop.freedommobile.ca/_next/image?url=https%3A%2F%2Fimages.ctfassets.net%2Fszuukvy7owq5%2F5wWKamd7jsiOxaEddwFm7a%2F300c023f9a0d761ae28a29f24c7b4163%2Fiphone15pro-black-front.png%3Ffm%3Dwebp&w=3840&q=50,$30/mo.,Motorola,Long-lasting battery life with splash-resistant design for everyday use.,,Android,6.8'',2.9'',0.36'',,NA,NA,NA,NA,Supported,NA,NA,NA,NA,NA,NA,NA,NA,NA,NA,NA,NA,NA,NA,NA,NA,NA,NA
iPhone 15 Plus,https://shop.freedommobile.ca/_next/image?url=https%3A%2F%2Fimages.ctfassets.net%2Fszuukvy7owq5%2F6zcNIW8cgi6mPKrxirYvhH%2F177edc7de29e4c2f3be30e9e9faf1f86%2FFreedom_5G_icon_lg.png&w=3840&q=100,$25/mo.,Motorola,Reliable 5G connectivity with dust and water resistance for durability.,,Android,6.5'',2.9'',0.36'',,NA,NA,NA,NA,NA,NA,NA,NA,NA,NA,NA,NA,NA,NA,NA,NA,NA,NA,NA,NA,NA,NA,NA
iPhone 15,https://shop.freedommobile.ca/_next/image?url=https%3A%2F%2Fimages.ctfassets.net%2Fszuukvy7owq5%2F3b95XuKuxbrXsTycA60eoA%2F0552cd3fed37d616a23dc843a9540446%2FPixel_Pro_XL_Obsidian_Front.png%3Ffm%3Dwebp&w=3840&q=50,$20/mo.,Apple,,,IOS,6.7'',3.02'',0.32'',,A17 Pro chip,,Super Retina XDR,NA,Supported,NA,NA,48MP,3,NA,NA,256,NA,NA,NA,NA,NA,NA,NA,Yes,NA,NA,NA
iPhone 14 Pro Max,https://shop.freedommobile.ca/_next/image?url=https%3A%2F%2Fimages.ctfassets.net%2Fszuukvy7owq5%2F6zcNIW8cgi6mPKrxirYvhH%2F177edc7de29e4c2f3be30e9e9faf1f86%2FFreedom_5G_icon_lg.png&w=3840&q=100,$29/mo.,Apple,,,IOS,6.1'',2.78'',0.32'',,A17 Pro chip,,Super Retina XDR display?,NA,Supported,NA,NA,48MP,3,NA,NA,128/256,NA,NA,NA,NA,NA,NA,NA,Yes,NA,NA,NA
iPhone 14 Pro,https://shop.freedommobile.ca/_next/image?url=https%3A%2F%2Fimages.ctfassets.net%2Fszuukvy7owq5%2F52O7rujgXiNiV7IjZOHRTD%2F6a63b933c665041aab3182054c0a0f86%2Fs24_cobalt_frontback.png%3Ffm%3Dwebp&w=3840&q=50,$20/mo.,Apple,,,IOS,6.7'',3.06'',0.31'',,A16 Bionic Chip,,Super Retina XDR display?,NA,Supported,NA,NA,48MP,2,NA,NA,128,NA,NA,NA,NA,NA,NA,NA,Yes,NA,NA,NA
iPhone 14,https://shop.freedommobile.ca/_next/image?url=https%3A%2F%2Fimages.ctfassets.net%2Fszuukvy7owq5%2F6zcNIW8cgi6mPKrxirYvhH%2F177edc7de29e4c2f3be30e9e9faf1f86%2FFreedom_5G_icon_lg.png&w=3840&q=100,$15/mo.,Apple,,,IOS,6.1'',2.82'',0.31'',,A16 Bionic CHip,,Super Retina XDR display?,NA,Supported,NA,NA,48MP,2,NA,NA,128,NA,NA,NA,NA,NA,NA,NA,Yes,NA,NA,NA
Galaxy S23,https://shop.freedommobile.ca/_next/image?url=https%3A%2F%2Fimages.ctfassets.net%2Fszuukvy7owq5%2FNBZTFLPFrq5nI2CbbEJe1%2F48ab22e09f15e6653bc389b792e4a6b4%2Fs24ultra_grey_back_front_with_pen.png%3Ffm%3Dwebp&w=3840&q=50,$14/mo.,Apple,,,IOS,6.7'',3.06'',032'',,A16 Bionic Chip,,Super Retina XDR display?,NA,Supported,NA,NA,48MP,3,NA,NA,128,NA,NA,NA,NA,NA,NA,NA,Yes,NA,NA,NA
iPhone 13 Pro Max,https://shop.freedommobile.ca/_next/image?url=https%3A%2F%2Fimages.ctfassets.net%2Fszuukvy7owq5%2F6zcNIW8cgi6mPKrxirYvhH%2F177edc7de29e4c2f3be30e9e9faf1f86%2FFreedom_5G_icon_lg.png&w=3840&q=100,$14/mo.,Apple,,,IOS,6.1'',2.82'',0.31'',,A16 Bionic Chip,,Super Retina XDR display?,NA,Supported,NA,NA,48MP,3,NA,NA,128,NA,NA,NA,NA,NA,NA,NA,Yes,NA,NA,NA
iPhone 13 Pro,https://shop.freedommobile.ca/_next/image?url=https%3A%2F%2Fimages.ctfassets.net%2Fszuukvy7owq5%2F4MLcO6P66fjQ8xlFjtsbP9%2F885bfe4d8418897bd6eed1416c0343a4%2Fzflip6_silver_shadow_open_right_angle.png%3Ffm%3Dwebp&w=3840&q=50,$10/mo.,Apple,,,IOS,6.1'',3.06'',0.32'',,A15 Bionic Chip,,Super Retina XDR display?,NA,Supported,NA,NA,12MP,2,NA,NA,128,NA,NA,NA,NA,NA,NA,NA,Yes,NA,NA,NA
iPhone 13,https://shop.freedommobile.ca/_next/image?url=https%3A%2F%2Fimages.ctfassets.net%2Fszuukvy7owq5%2F6zcNIW8cgi6mPKrxirYvhH%2F177edc7de29e4c2f3be30e9e9faf1f86%2FFreedom_5G_icon_lg.png&w=3840&q=100,$5/mo.,Samsung,Compact flagship with ultra-tough Gorilla Glass and metal frame.,,Android,6.1'',2.82'',0.30'',,Snapdragon Octa-Core Snapdragon 8 Gen 2,,1080 x 2340 pixels,NA,Supported,NA,802.11 a/b/g/n/ac/6e,50+12+10,3,NA,8,128/256,Yes,NA,NA,5.3,NA,NA,NA,NA,NA,NA,NA
Samsung Galaxy S22 Ultra 5G,https://shop.freedommobile.ca/_next/image?url=https%3A%2F%2Fimages.ctfassets.net%2Fszuukvy7owq5%2F46H1IlafPWebpY0wyxLM0k%2Fb24ff82b770e47187ae5fc2ae8dee301%2Fa15_blueblack_back_front.png%3Ffm%3Dwebp&w=3840&q=50,$9/mo.,Apple,Premium device with Ceramic Shield and advanced shock absorption.,,IOS,6.7'',3.07'',0.32'',,A15 Bionic Chip,, 2532 x 1170,460PPI,Supported,Yes,NA,12,3,NA,NA,128/256/512/1TB,No,NA,NA,5,NA,NA,NA,Yes,NA,NA,NA
Samsung Galaxy S22 5G,https://shop.freedommobile.ca/_next/image?url=https%3A%2F%2Fimages.ctfassets.net%2Fszuukvy7owq5%2F6zcNIW8cgi6mPKrxirYvhH%2F177edc7de29e4c2f3be30e9e9faf1f86%2FFreedom_5G_icon_lg.png&w=3840&q=100,$0/mo.,Apple,Compact model with aerospace-grade aluminum and liquid-resistant coating.,,IOS,6.1'',2.82'',0.30'',,A15 Bionic Chip,,2532 x 1170,460,Supported,Yes,NA,12,3,NA,NA,128/256/512/1TB,No,NA,NA,5,NA,NA,NA,Yes,NA,MA,MA
iPhone 12,https://shop.freedommobile.ca/_next/image?url=https%3A%2F%2Fimages.ctfassets.net%2Fszuukvy7owq5%2F452iwtznlDLnSd0bqhqLAa%2F1f9758a697144e19787271acecfabf86%2Fs23_graphite_front_back.png%3Ffm%3Dwebp&w=3840&q=50,$0/mo.,Apple,Durable build with scratch-resistant coating and reliable performance.,,IOS,6.1'',2.82'',0.30'',,A15 Bionic Chip,,2532 x 1170,460,Supported,Yes,NA,12,2,NA,NA,128/256/512,No,NA,NA,5,NA,NA,NA,Yes,NA,NA,NA
Samsung A14 5G,https://shop.freedommobile.ca/_next/image?url=https%3A%2F%2Fimages.ctfassets.net%2Fszuukvy7owq5%2F6zcNIW8cgi6mPKrxirYvhH%2F177edc7de29e4c2f3be30e9e9faf1f86%2FFreedom_5G_icon_lg.png&w=3840&q=100,$0/mo.,Samsung,,,Android,6.8'',3.0'',0.33'',,Snapdragon 8450,,1440 x 3080 pixels,NA,Supported,No,NA,108+10+10+12,4,NA,"8,12",128/512/256,NA,NA,NA,NA,NA,NA,NA,NA,NA,Yes,NA
Samsung A03s,https://shop.freedommobile.ca/_next/image?url=https%3A%2F%2Fimages.ctfassets.net%2Fszuukvy7owq5%2F3eLriiP1WseRG09hGPLo76%2F1a528b26c87a6b73649d06a69160c773%2F_0002_SM-A546_Galaxy-A54-5G_Awesome-Graphite_Front2.png%3Ffm%3Dwebp&w=3840&q=100,$0/mo.,Samsung,,,Android,6.1'',2.7'',0.31'',,Snapdragon 8450,,1080 x 2340 pixels,NA,Supported,No,NA,50+12+10,3,NA,8,128/256,NA,NA,NA,NA,NA,NA,NA,NA,NA,Yes,NA
TCL 502 LTE,https://shop.freedommobile.ca/_next/image?url=https%3A%2F%2Fimages.ctfassets.net%2Fszuukvy7owq5%2F6zcNIW8cgi6mPKrxirYvhH%2F177edc7de29e4c2f3be30e9e9faf1f86%2FFreedom_5G_icon_lg.png&w=3840&q=100,$4.79/mo.,Apple,Lightweight design with strong glass and multiple liquid resistance.,,IOS,6.1'',2.82'',0.29'',,A14 Bionic Chip,,2532 x 1170,460,Supported,Yes,NA,12,2,NA,NA,64/128/256,No,NA,NA,5,NA,NA,NA,Yes,NA,NA,NA
Samsung Tab A9 +,https://shop.freedommobile.ca/_next/image?url=https%3A%2F%2Fimages.ctfassets.net%2Fszuukvy7owq5%2F6zcNIW8cgi6mPKrxirYvhH%2F177edc7de29e4c2f3be30e9e9faf1f86%2FFreedom_5G_icon_lg.png&w=3840&q=100,$16.67/mo.,Samsung,Entry-level 5G phone with shock-resistant back and a reliable processor.,,Android,6.5'',2.9'',0.33'',,MTK MT6833 8 cores,,2080 x 22408 pixels,NA,Supported,No,802.11 a/b/g/n/ac,50+2+2,3,NA,4,64,No,NA,NA,5.2,NA,NA,NA,NA,NA,NA,NA
,,,Samsung,Affordable model with durable plastic frame and basic functionality.,,Android,6.5'',2.9'',0.33'',,MediaTek | MT6757,,720x1600 (HD+),NA,Supported,No,802.11 a/b/g/n/ac,13+2+2,3,NA,3,32,No,NA,NA,5,NA,NA,NA,NA,NA,NA,NA
,,,TCL,Budget-friendly phone with scratch-resistant screen and solid build quality.,,Android,,,,,Mediatek 6761V Quad-core 4 x 2.0 GHz,,480 x 960,NA,Not Supported,NA,802.11 b/g/n,5,1,NA,2,32,No,NA,NA,5.1,NA,NA,NA,NA,NA,NA,NA
,,,Samsung,"Tablet with metal frame, water-resistant coating, and long-lasting battery.",,Android,10.95'',7.1'',0.28'',,"Mediatek Qualcomm SM6375 2X 2.2GHz, 6x 1.8GHz",,1200 x 1920 pixels,NA,Supported,No,802.11 a/b/g/n/ac/ax/7,8,1,NA,"4,8",64/128,No,NA,NA,5.1,NA,NA,NA,NA,NA,NA,NA
