Model Name,Img URL,Price (CAD),Company,Product Link,OS,RAM,ROM,5G,Dual SIM,Bluetooth Version,Fast Charging
OPPO Find N3,https://image.oppo.com/content/dam/oppo/common/mkt/v2-2/find-n3-en/listpage/find-n3-427_600-gold.png,2900,OPPO,https://www.oppo.com/en/smartphones/series-find-n/find-n3/,Android11,"12 GB
","256 GB
",Supported,Supported,"
Bluetooth 5.3","67W SUPERVOOCTM 2.0, SUPERVOOCTM, VOOC 3.0, PD3.0 (9V/2A)"
OPPO Find N3 Flip,https://image.oppo.com/content/dam/oppo/common/mkt/v2-2/find-n3-flip-en/listpage/find-n3-flip-427_600-gold.png,1900,OPPO,https://www.oppo.com/en/smartphones/series-find-n/find-n3-flip/,Android,"12 GB
","256 GB
",Supported,Supported,"Bluetooth 5.3

","44W SUPERVOOCTM (11V/4A), VOOC 3.0 (5V/3A), PD (9V/1.5A)

"
OPPO Find N2 Flip,https://image.oppo.com/content/dam/oppo/common/mkt/v2-2/find-n2-flip-en/no-silk-screen/navigation/find-n2-flip-purple_427_600.png,1600,OPPO,https://www.oppo.com/en/smartphones/series-find-n/find-n3-flip/ ,Android,8 GB,"256 GB
",Supported,Supported,"Bluetooth v5.3

","44W SUPERVOOCTM, PD (9V/1.5A), QC (9V/1.5A)

"
OPPO Find X3 Pro,https://image.oppo.com/content/dam/oppo/common/mkt/v2-2/find-x3-series-cn/navigation/Find%20X3%20series-navigation-blue-v2.png.thumb.webp,1200,OPPO,https://www.oppo.com/en/smartphones/series-find-x/find-x3-pro/,Android,12GB,256GB,Supported,Supported,Bluetooth 5.2 ,"SuperVOOC 2.0/SuperVOOC/VOOC 3.0/PD (9 V/2 A)/QC (9 V/2 A)/PPS (30W)
"
OPPO Find X3 Pro,https://image.oppo.com/content/dam/oppo/common/mkt/v2-2/find-x3-series-cn/navigation/Find%20X3%20series-navigation-black-v2.png,900,OPPO,https://www.oppo.com/en/smartphones/series-find-x/find-x3-pro/,Android11,12GB,256GB,Supported,Supported,Bluetooth 5.2,SuperVOOC 2.0/SuperVOOC/VOOC 3.0/PD (9 V/2 A)/QC (9 V/2 A)/PPS (30W)
OPPO Reno12 Pro 5G,https://image.oppo.com/content/dam/oppo/common/mkt/v2-2/reno-12-pro-en/listpage/427-600-gold.png.thumb.webp,900,OPPO,https://www.oppo.com/en/smartphones/series-reno/reno12-pro/,Android,12GB,256GB,Supported,Supported,"Bluetooth 5.4

","Protocols supported: SUPERVOOCTM 2.0, SUPERVOOCTM, VOOC 3.0, and PD2.0 (9 V, 1.5 A)

"
OPPO Reno12 5G,https://image.oppo.com/content/dam/oppo/common/mkt/v2-2/reno-12-en/listpage/427-600-brown.png.thumb.webp,750,OPPO,https://www.oppo.com/en/smartphones/series-reno/reno12/,Android,12GB,256GB,Supported,Supported,"Bluetooth 5.4

","Protocols supported: SUPERVOOCTM 2.0, SUPERVOOCTM, VOOC 3.0, and PD2.0 (9V, 1.5A)

"
OPPO Reno12 Pro 5G,https://image.oppo.com/content/dam/oppo/common/mkt/v2-2/reno-12-pro-en/listpage/427-600-silver.png.thumb.webp,420,OPPO,https://www.oppo.com/en/smartphones/series-reno/reno12-pro/,Android,8 GB,"256 GB
",Supported,Supported,"Bluetooth 5.3

","Protocols supported: SUPERVOOCTM 2.0, SUPERVOOCTM, VOOC 3.0, PD3.0 (9V/1.5A), and PPS"
OPPO Reno12 5G,https://image.oppo.com/content/dam/oppo/common/mkt/v2-2/reno-12-en/listpage/427-600-silver.png.thumb.webp,328,OPPO,https://www.oppo.com/en/smartphones/series-reno/reno12/,Android,12GB,256GB,Supported,Supported,"Bluetooth 5.4

","Protocols supported: SUPERVOOCTM 2.0, SUPERVOOCTM, VOOC 3.0, and PD2.0 (9V, 1.5A)"
OPPO Reno12 F 5G,https://image.oppo.com/content/dam/oppo/common/mkt/v2-2/reno12-f-en/listpage/427-600-orange.png.thumb.webp,750,OPPO,https://www.oppo.com/en/smartphones/series-reno/reno12-f-5g/,Android,8 GB,"256 GB
",Supported,Supported,"Bluetooth 5.3

","Protocols supported: SUPERVOOCTM 2.0, SUPERVOOCTM, VOOC 3.0, PD3.0 (9V/1.5A), and PPS

"
OPPO Reno 12 F,https://image.oppo.com/content/dam/oppo/common/mkt/v2-2/reno12-f-4g-en/listpage/427-600-orange.png.thumb.webp,720,OPPO,https://www.oppo.com/en/smartphones/series-reno/reno12-f-4g/,Android,8 GB,"256 GB
",Supported,Supported,"Bluetooth v5.0

","Supported protocols: SUPERVOOCTM, VOOC, PPS, and PD2.0

"
OPPO Reno11 F 5G,https://image.oppo.com/content/dam/oppo/common/mkt/v2-2/reno11-f-5g-en/listpage/reno11-f-427-600-purple.png.thumb.webp,700,OPPO,https://www.oppo.com/en/smartphones/series-reno/reno11-f/,"ColorOS 14.0

",8 GB, 128GB,Supported,Supported,"Bluetooth v5.2

","
Asia-Pacific: SuperVOOCTM 2.0, SuperVOOCTM, VOOC 3.0, and PD2.0 (9V/1.5A) supported;
Europe: SuperVOOCTM 2.0, SuperVOOCTM, VOOC 3.0, PD2.0 (9V/1.5A), and PD3.0 (11V/5A) supported"
OPPO Reno11 Pro 5G,https://image.oppo.com/content/dam/oppo/common/mkt/v2-2/reno11-pro-5g-en/listpage/reno11-pro-427-600-white.png.thumb.webp,850,OPPO,https://www.oppo.com/en/smartphones/series-reno/reno11-pro/,Android,12GB, 256GB,Supported,Supported,"
Bluetooth 5.3","SUPERVOOCTM 80W, SUPERVOOCTM 2.0, VOOC 3.0, PD (9V/1.5A)"
OPPO Reno11 5G,https://image.oppo.com/content/dam/oppo/common/mkt/v2-2/reno11-5g-en/listpage/reno11-427-600-green.png.thumb.webp,650,OPPO,https://www.oppo.com/en/smartphones/series-reno/reno11/,Android,8GB, 128GB,Supported,Supported,Bluetooth v5.3,"SUPERVOOCTM 67W, SUPERVOOCTM 2.0, VOOC 3.0, and PD (9V/1.5A)"
OPPO Reno10 Pro+ 5G,https://image.oppo.com/content/dam/oppo/common/mkt/v2-2/reno10-pro-plus-5g-en/listpage/reno10-pro-plus-5g-427_600-purple.png.thumb.webp,1200,OPPO,https://www.oppo.com/en/smartphones/series-reno/reno10-pro-plus/,Android,12GB, 256GB,Supported,Supported,Bluetooth v5.3,"
SUPERVOOCTM 100W, SUPERVOOCTM 2.0, SUPERVOOCTM, VOOC 3.0, PD (9V/2A), QC2.0 (9V/2A) fast charging protocols"
OPPO Reno10 Pro 5G,https://image.oppo.com/content/dam/oppo/common/mkt/v2-2/reno10-pro-5g-en/listpage/reno10-pro-5g-427_600-purple.png.thumb.webp,850,OPPO,https://www.oppo.com/en/smartphones/series-reno/reno10-pro-plus/,Android,12GB, 256GB,Supported,Supported,Bluetooth v5.2,"
SUPERVOOCTM 80W, SUPERVOOCTM 2.0, SUPERVOOCTM, VOOC 3.0, PD2.0 (9V/1.5A), QC2.0 (9V/1.5A) fast charging protocols"
OPPO Reno10 5G,https://image.oppo.com/content/dam/oppo/common/mkt/v2-2/reno10-5g-en/listpage/reno10-5g-427_600-blue.png.thumb.webp,629,OPPO,https://www.oppo.com/en/smartphones/series-reno/reno10-pro/,Android,8GB,128GB,Supported,Supported,Bluetooth v5.3,"SUPERVOOCTM 67W, SUPERVOOCTM 2.0, SUPERVOOCTM, VOOC 3.0, PD3.0?9V/2A?"
OPPO Reno8 T 5G,https://image.oppo.com/content/dam/oppo/common/mkt/v2-2/reno8-t-5g-en/listpage/reno8-t-5g_sunrise-gold_427_600.png.thumb.webp,599,OPPO,https://www.oppo.com/en/smartphones/series-reno/reno8-t-5g/,Android,8GB,128GB,Supported,Supported,Bluetooth v5.1,"
SUPERVOOCTM 67W
SUPERVOOCTM 60W/50W/33W and USB-PD (9V, 1.5A)
OTG reverse charging"
OPPO Reno8 T,https://image.oppo.com/content/dam/oppo/common/mkt/v2-2/reno8-t-en/listpage/reno8-t_sunset-orange_427_600.png.thumb.webp,525,OPPO,https://www.oppo.com/en/smartphones/series-reno/reno8-t/,Android,8GB,128GB,Supported,Supported,Bluetooth 5.3,SUPERVOOCTM
OPPO Reno8 Pro 5G,https://image.oppo.com/content/dam/oppo/common/mkt/v2-2/reno8-pro-5g-en/navigation/reno8-pro-glazed-green-427_600-pc.png.thumb.webp,899,OPPO,https://www.oppo.com/en/smartphones/series-reno/reno8-pro-5g/,Android,8GB,256GB,Supported,Supported,Bluetooth v5.3,"80W SUPERVOOCTM, 65W SUPERVOOCTM, 50W SUPERVOOCTM, VOOC, PD (9V/2A), QC (9V/2A)"
OPPO Reno8 5G,https://image.oppo.com/content/dam/oppo/common/mkt/v2-2/reno8-5g-en/navigation/reno8-shimmer-gold-427_600-pc.png.thumb.webp,649,OPPO,https://www.oppo.com/en/smartphones/series-reno/reno8-5g/,Android,8GB,256GB,Supported,Supported,Bluetooth v5.3,"80W SUPERVOOCTM, 65W SUPERVOOCTM, 50W SUPERVOOCTM, VOOC, PD (9V/2A), QC (9V/2A)"
OPPO Reno7 Z 5G,https://image.oppo.com/content/dam/oppo/common/mkt/v2-2/reno7-z/navigation/Navigation-RainbowSpectrum-427_600-pc%20.png,550,OPPO,https://www.oppo.com/en/smartphones/series-reno/reno7-z-5g/,Android,8GB,128GB,Supported,Supported,Bluetooth v5.1,SUPERVOOCTM: Supported
OPPO Reno7,https://image.oppo.com/content/dam/oppo/common/mkt/v2-2/reno7_4g/navigation/Navigation-SunsetOrange-427_600-pc.png.thumb.webp,367,OPPO,https://www.oppo.com/en/smartphones/series-reno/reno7/,ColorOS 12.1,8GB,256GB,Supported,Supported,Bluetooth v5.1,33W SUPERVOOCTM
OPPO Reno7 Pro 5G,https://image.oppo.com/content/dam/oppo/common/mkt/v2-2/reno7_pro/navigation/Reno7_Pro_navigation-blue_2.png.thumb.webp,739,OPPO,https://www.oppo.com/en/smartphones/series-reno/reno7-pro-5g/,ColorOS 12 based on Android 11,12GB,256GB,Supported,Supported,Bluetooth v5.2,"65W SUPERVOOCTM, 50W SUPERVOOCTM, 33W SUPERVOOCTM, VOOC(5V/4A), PD (9V/2A)"
OPPO Reno7 5G,https://image.oppo.com/content/dam/oppo/common/mkt/v2-2/reno7/navigation/Reno7_navigation-black_2.png.thumb.webp ,579,OPPO,https://www.oppo.com/en/smartphones/series-reno/reno7-5g/,ColorOS 12 based on Android 11,8GB,256GB,Supported,Supported,Bluetooth v5.2,"65W SUPERVOOCTM, 50W SUPERVOOCTM, 33W SUPERVOOCTM, VOOC (5V/4A), PD (9V/2A)"
OPPO A3 5G,https://image.oppo.com/content/dam/oppo/common/mkt/v2-2/ab5-a3-5g-en/list-page-new/nebula_red_en.png.thumb.webp,300,OPPO,https://www.oppo.com/en/smartphones/series-a/a3-5g/,ColorOS 14.0.1,6GB,128GB,Supported,Supported,Bluetooth 5.3,"45W SUPERVOOCTM; backward compatible with 33W SUPERVOOCTM, 13.5W PD"
OPPO A3,https://image.oppo.com/content/dam/oppo/common/mkt/v2-2/a40-a3-a40m-a60/listpage/427-600-white.png.thumb.webp,250,OPPO,https://www.oppo.com/en/smartphones/series-a/a3/,ColorOS 14.0.1,4GB,128GB,Supported,Supported,Bluetooth 5.3,"45W SUPERVOOCTM, SUPERVOOCTM, VOOC, PD2.0"
OPPO A3x,https://image.oppo.com/content/dam/oppo/common/mkt/v2-2/a20-a3x/listpage/427-600-blue.png.thumb.webp,200,OPPO,https://www.oppo.com/en/smartphones/series-a/a3x/,ColorOS 14.0,4GB,128GB,Supported,Supported,Bluetooth 5.0,"SUPERVOOCTM 2.0, 45W (11V/4.1A), PPS, 45W (11V/4.1A) (only supported for EU)"
OPPO A3 Pro 5G,https://image.oppo.com/content/dam/oppo/common/mkt/v2-2/oppo-a3-pro-5g-en/list-page/427_600-purple.png.thumb.webp,400,OPPO,https://www.oppo.com/en/smartphones/series-a/a3-pro-5g/,ColorOS 14.0.1,6GB,128GB,Supported,Supported,Bluetooth 5.3,"45W SUPERVOOCTM; backward compatible with 33W SUPERVOOCTM, 13.5W PD"
OPPO A60,https://image.oppo.com/content/dam/oppo/common/mkt/v2-2/oppo-a60/list-page/427-600-blue.png.thumb.webp,350,OPPO,https://www.oppo.com/en/smartphones/series-a/a60/,ColorOS 14.0.1,8GB,128GB,Supported,Supported,Bluetooth v5.0,45W SUPERVOOCTM
OPPO A79 5G,https://image.oppo.com/content/dam/oppo/common/mkt/v2-2/a79-5g-en/listpage/a79-5g-427_600-green.png.thumb.webp,450,OPPO,https://www.oppo.com/en/smartphones/series-a/a79-5g/,ColorOS 13.1,8GB,128GB,Supported,Supported,Bluetooth 5.3,33W SUPERVOOCTM
OPPO A18,https://image.oppo.com/content/dam/oppo/common/mkt/v2-2/a18-en/specs/a18-black-blue.png,150,OPPO,https://www.oppo.com/en/smartphones/series-a/a18/,ColorOS 13.1,4GB,128GB,Supported,Supported,Bluetooth 5.3,45W SUPERVOOCTM
OPPO A38,https://image.oppo.com/content/dam/oppo/common/mkt/v2-2/a38-en/listpage/a38-427_600-gold.png.thumb.webp,199,OPPO,https://www.oppo.com/en/smartphones/series-a/a38/,ColorOS 13.1,4GB,128GB,Supported,Supported,Bluetooth 5.3,"SUPERVOOCTM 33W, VOOC"
OPPO A58,https://image.oppo.com/content/dam/oppo/common/mkt/v2-2/a58-en/listpage/a58-427_600-green.png.thumb.webp,249,OPPO,https://www.oppo.com/en/smartphones/series-a/a58/,ColorOS 13.1,6GB,128GB,Supported,Supported,Bluetooth 5.3,"SUPERVOOCTM 33W, VOOC"
OPPO A78,https://image.oppo.com/content/dam/oppo/common/mkt/v2-2/a78-en/listpage/a78-427_600-green.png.thumb.webp,279,OPPO,https://www.oppo.com/en/smartphones/series-a/a78/,ColorOS 13.1,8GB,256GB,Supported,Supported,Bluetooth v5.0,67W SUPERVOOCTM
OPPO A98 5G,https://image.oppo.com/content/dam/oppo/common/mkt/v2-2/a98-5g-en/navigation/a98-5g-427x600-blue.png.thumb.webp,123,OPPO,https://www.oppo.com/en/smartphones/series-a/a98-5g/,ColorOS 13.1,8GB,256GB,Supported,Supported,Bluetooth v5.1,"67W SUPERVOOCTM, VOOC, and PD (9V/2A)"
OPPO A78 5G,https://image.oppo.com/content/dam/oppo/common/mkt/v2-2/a78-5g-en/navigation/a78-5g-427x600_Blue.png.thumb.webp,400,OPPO,https://www.oppo.com/en/smartphones/series-a/a78-5g/,ColorOS 13,4GB,128GB,Supported,Supported,Bluetooth v5.3 ,"33W SUPERVOOCTM, VOOC, and PD (9 V/2 A) fast charging protocols are supported"
OPPO A17,https://image.oppo.com/content/dam/oppo/common/mkt/v2-2/a17-en/navigation/a17-427x600_Blue.png.thumb.webp,108,OPPO,https://www.oppo.com/en/smartphones/series-a/a17/,ColorOS 12.1,4GB,64GB,Supported,Supported,Bluetooth v5.3 ,
OPPO A17k,https://image.oppo.com/content/dam/oppo/common/mkt/v2-2/a17k-en/listpage/a17k-427x600_gold.png.thumb.webp,123,OPPO,https://www.oppo.com/en/smartphones/series-a/a17k/,ColorOS 12.1,3GB,64GB,Supported,Supported,Bluetooth v5.3 ,
OPPO A57,https://image.oppo.com/content/dam/oppo/common/mkt/v2-2/a57-en/navigation/A57-427x600-green.png.thumb.webp,230,OPPO,https://www.oppo.com/en/smartphones/series-a/a57/,ColorOS 12.1,3GB,64GB,Supported,Supported,Bluetooth 5.3 ,33W SUPERVOOCTM
OPPO A57s,https://image.oppo.com/content/dam/oppo/common/mkt/v2-2/a77-en/navigation/a77-427x600_Blue.png.thumb.webp,123,OPPO,https://www.oppo.com/en/smartphones/series-a/a57s/,ColorOS 12.1,4 GB, 64 GB,Supported,Supported,Bluetooth 5.3 ,33W SUPERVOOCTM
OPPO A77 5G,https://image.oppo.com/content/dam/oppo/common/mkt/v2-2/a77-5g/navigation/A77_navigation_427x600-blue.png.thumb.webp,405,OPPO,https://www.oppo.com/en/smartphones/series-a/a77-5g/,ColorOS 12.1,6 GB ,128 GB,Supported,Supported,Bluetooth v5.3,33W SUPERVOOCTM
OPPO A96,https://image.oppo.com/content/dam/oppo/common/mkt/v2-2/a96-en/navigation/A96-navigation-pink-v1.png.thumb.webp,300,OPPO,https://www.oppo.com/en/smartphones/series-a/a96/,ColorOS 12.1,8GB,128 GB,Supported,Supported,Bluetooth v5.0,33W SUPERVOOCTM
Vivo Y300 Plus 5G,https://in-exstatic-vivofs.vivo.com/gdHFRinHEMrj3yPG/1728549548432/72f91ec5b1e164a013271c16f49bf7b2.png,400,Vivo,https://www.vivo.com/in/products/y300-plus-5g,Android 14,8 GB,128 GB,Yes,Yes,Bluetooth 5.1,Yes (up to 18W)
Vivo T3 Ultra,https://in-exstatic-vivofs.vivo.com/gdHFRinHEMrj3yPG/1725940162651/5e4dba98f1345e120bffdafb9a6eceae.png,534,Vivo,https://www.vivo.com/in/products/t3-ultra,Android 13,8 GB/12 GB,128GB/256GB,Yes,Yes,Bluetooth 5.2,66 w
Vivo T3 Pro 5G,https://in-exstatic-vivofs.vivo.com/gdHFRinHEMrj3yPG/1724730154097/6f3a02c346afa70efeebf7f2e9b90582.png,417,Vivo,https://www.vivo.com/in/products/t3-pro-5g,Android 14,8GB,128 GB/256 GB,Yes,Yes,Bluetooth 5.3,80W
Vivo V40,https://in-exstatic-vivofs.vivo.com/gdHFRinHEMrj3yPG/1722858595146/cb4084383c668a7ca2ceb7c96b45a86b.png,584,Vivo,https://www.vivo.com/in/products/v40,Android 11,8 GB / 12 GB,128 GB/256 GB,Yes,Yes,Bluetooth 5.3,44W
Vivo V40 Pro,https://in-exstatic-vivofs.vivo.com/gdHFRinHEMrj3yPG/1722858131536/370a92f0be2ea0d41d198ab9ba298ee7.png,834,Vivo,https://www.vivo.com/in/products/v40-pro,Android 11,8 GB / 12 GB,128 GB/256 GB,Yes,Yes,Bluetooth 5.3,66W
Vivo V40e,https://in-exstatic-vivofs.vivo.com/gdHFRinHEMrj3yPG/1726630614436/e3984aa90afb23cd1f7656f372c2fb5f.png,484,Vivo,https://www.vivo.com/in/products/v40e,Android 14,8GB,128 GB/256 GB,Yes,Yes,Bluetooth 5.3,44W
Vivo X Fold3 Pro,https://in-exstatic-vivofs.vivo.com/gdHFRinHEMrj3yPG/1727322954051/f243e39d6ae5534277eb47b9aa2ac5be.png,2667,Vivo,https://www.vivo.com/in/products/xfold3pro,Android 14,12 GB,256 GB / 512 GB,Yes,Yes,Bluetooth 5.3,120W
Vivo Y28e 5G,https://in-exstatic-vivofs.vivo.com/gdHFRinHEMrj3yPG/1719902607382/d69944dbde9719c8e3d506ce4fe3c873.png,184,Vivo,https://www.vivo.com/in/products/y28e-5g,Android 13,8 GB,128 GB,Yes,Yes,Bluetooth 5.1,18W
Vivo Y28s 5G,https://in-exstatic-vivofs.vivo.com/gdHFRinHEMrj3yPG/1719902358698/a0ef01403a72391d04ef05167f7626a7.png,225,Vivo,https://www.vivo.com/in/products/y28s-5g,Android 13,8 GB,128 GB,Yes,Yes,Bluetooth 5.1,18W
Vivo T3 Lite 5G,https://in-exstatic-vivofs.vivo.com/gdHFRinHEMrj3yPG/1719391867885/4a6c4e5fb574413e821f0d4b1273ddfc.png,175,Vivo,https://www.vivo.com/in/products/t3-lite-5g,Android 13,8 GB,128 GB,Yes,Yes,Bluetooth 5.1,15W
Vivo Y58 5G,https://in-exstatic-vivofs.vivo.com/gdHFRinHEMrj3yPG/1718094295394/b579d2061195a7e318fdf301bffbbdfc.png,309,Vivo,https://www.vivo.com/in/products/y58,Android 13,6 GB,128 GB,Yes,Yes,Bluetooth 5.0,18W
Vivo Y200 Pro 5G,https://in-exstatic-vivofs.vivo.com/gdHFRinHEMrj3yPG/1715591368538/d1ebb730c21820610f8fdd2be8fe6311.png,417,Vivo,https://www.vivo.com/in/products/y200-pro,Android 14,8 GB,256 GB,Yes,Yes,Bluetooth 5.2,67W
Vivo Y18i,https://in-exstatic-vivofs.vivo.com/gdHFRinHEMrj3yPG/1721376140615/3ba191701fe986995253c73670017c98.png,134,Vivo,https://www.vivo.com/in/products/y18i,Android 12,4 GB / 6 GB,64 GB / 128 GB,No,Yes,Bluetooth 5.0,18W
Vivo Y18,https://in-exstatic-vivofs.vivo.com/gdHFRinHEMrj3yPG/1714126385089/efbb2d09671fdd09116c42f8544d011c.jpg,142,Vivo,https://www.vivo.com/in/products/y18,Android 14,4 GB / 6 GB,64 GB / 128 GB,No,Yes,Bluetooth 5.0,18W
Vivo Y18t,https://in-exstatic-vivofs.vivo.com/gdHFRinHEMrj3yPG/1721376392453/dace5f2159a658513b752b82ac32fc98.png,159,Vivo,https://www.vivo.com/in/products/y18t,Android 14,4 GB / 6 GB,64 GB / 128 GB,No,Yes,Bluetooth 5.0,18W
Vivo Y18e,https://in-exstatic-vivofs.vivo.com/gdHFRinHEMrj3yPG/1713952607866/f1da09e18aedf539a6eb56df10bee7e3.png,134,Vivo,https://www.vivo.com/in/products/y18e,Android 14,4 GB / 6 GB,64 GB / 128 GB,No,Yes,Bluetooth 5.0,18W
Vivo X100 Pro,https://in-exstatic-vivofs.vivo.com/gdHFRinHEMrj3yPG/1702983248432/61ad5ee6e72682f52d8aa495e314c56c.png,1500,Vivo,https://www.vivo.com/in/products/x100-pro,Android 14,12GB/16GB,256 GB / 512 GB,Yes,Yes,Bluetooth 5.3,120W
Vivo X100,https://in-exstatic-vivofs.vivo.com/gdHFRinHEMrj3yPG/1702983371711/7955f5b8de2146fe3c93e394880c055b.png,1067,Vivo,https://www.vivo.com/in/products/x100,Android 14,8 GB / 12 GB,256 GB / 512 GB,Yes,Yes,Bluetooth 5.3,120W
Vivo X90 Pro,https://in-exstatic-vivofs.vivo.com/gdHFRinHEMrj3yPG/1672823342537/729721879de5da21e25981cbc2140652.png,1534,Vivo,https://www.vivo.com/in/products/x90-pro,Android 13,8 GB / 12 GB,256 GB / 512 GB,Yes,Yes,Bluetooth 5.3,120W
Vivo X90,https://in-exstatic-vivofs.vivo.com/gdHFRinHEMrj3yPG/1672823187398/8d7e918f497b33450db612540979ea40.png,1084,Vivo,https://www.vivo.com/in/products/x90,Android 13,8 GB / 12 GB,256 GB / 512 GB,Yes,Yes,Bluetooth 5.3,120W
Vivo V30 Pro,https://in-exstatic-vivofs.vivo.com/gdHFRinHEMrj3yPG/1709635469044/31246eb5171ab13eabab2334cdb9b9a6.png,650,Vivo,https://www.vivo.com/in/products/v30-pro,Android 14,8 GB / 12 GB,128 GB / 256 GB,Yes,Yes,Bluetooth 5.0,33W
Vivo V30,https://in-exstatic-vivofs.vivo.com/gdHFRinHEMrj3yPG/1709633892940/8d2b048cc6f94321e93ac8940473eede.png,500,Vivo,https://www.vivo.com/in/products/v30,Android 14,8GB/12GB,128GB/256GB/512GB,Yes,Yes,Bluetooth 5.1,33W
Vivo T3x 5G,https://in-exstatic-vivofs.vivo.com/gdHFRinHEMrj3yPG/1728644311845/e45e26ac168715887496499d44f8e9f6.png,217,Vivo,https://www.vivo.com/in/products/t3x-5g,Android 13,4GB/6GB/8GB,128 GB,Yes,Yes,Bluetooth 5.1,18W
Vivo V30e,https://in-exstatic-vivofs.vivo.com/gdHFRinHEMrj3yPG/1713954756728/7679983127c4d5f13c8dd7b08f9a7b8f.png,434,Vivo,https://www.vivo.com/in/products/v30e,Android 14,8 GB,28GB/256GB,No,Yes,Bluetooth 5.0,33W
Vivo V29e 5G,https://in-exstatic-vivofs.vivo.com/gdHFRinHEMrj3yPG/1692691698575/c0f180bba865685a87025f8ff514ab13.png,467,Vivo,https://www.vivo.com/in/products/v29e,Android 13,8GB,128GB/256GB,Yes,Yes,Bluetooth 5.1,44W
Vivo V29,https://in-exstatic-vivofs.vivo.com/gdHFRinHEMrj3yPG/1696919264819/883afd607c31d38d4b0702d700286be7.png,550,Vivo,https://www.vivo.com/in/products/v29,Android 14,8GB/12GB,128GB/256GB/512GB,Yes,Yes,Bluetooth 5.3,80W
Vivo V29 Pro,https://in-exstatic-vivofs.vivo.com/gdHFRinHEMrj3yPG/1695815300450/9ff14aaa7dd2d865de0e46cbdf9b7953.png,667,Vivo,https://www.vivo.com/in/products/v29-pro,Android 13,8GB/12GB,256 GB,Yes,Yes,Bluetooth 5.3,66W
Vivo T3 5G,https://in-exstatic-vivofs.vivo.com/gdHFRinHEMrj3yPG/1711096727909/5acec932b1d760589733b3b529e44d0a.png,342,Vivo,https://www.vivo.com/in/products/t3-5g,Android 13,8 GB,128 GB/256 GB,Yes,Yes,Bluetooth 5.1,44W
Vivo T2 Pro 5G,https://in-exstatic-vivofs.vivo.com/gdHFRinHEMrj3yPG/1695352073864/2678cc7ea36b6dfe43806c0dd32a0003.png,384,Vivo,https://www.vivo.com/in/products/t2pro-5g,Android 13,8 GB,128GB/ 256GB,Yes,Yes,Bluetooth 5.3,66W
Vivo V27 Pro,https://in-exstatic-vivofs.vivo.com/gdHFRinHEMrj3yPG/1677136564513/61700a6c726f389ef4ae2b1662ce6783.png,700,Vivo,https://www.vivo.com/in/products/v27-pro,Android 13,8GB/12GB,128GB/256GB,Yes,Yes,Bluetooth 5.3,66W
Vivo V27,https://in-exstatic-vivofs.vivo.com/gdHFRinHEMrj3yPG/1677578839819/d3a0e8fda185e0e930eec73464b3fd3f.png,617,Vivo,https://www.vivo.com/in/products/v27,Android 13,8GB/12GB,128GB/256GB,Yes,Yes,Bluetooth 5.2,66W
Vivo Y200e 5G,https://in-exstatic-vivofs.vivo.com/gdHFRinHEMrj3yPG/1707028891382/99077445ce22019ccd5f7f6f66821d7e.png,334,Vivo,https://www.vivo.com/in/products/y200e,Android 13,6GB/8GB,128GB,Yes,Yes,Bluetooth 5.1,44W
Vivo Y28 5G,https://in-exstatic-vivofs.vivo.com/gdHFRinHEMrj3yPG/1703069127021/2ad04905cc3222558bf076ffa7d94bf3.png,225,Vivo,https://www.vivo.com/in/products/y28,Android 13,4GB/6GB/8GB,128GB,Yes,Yes,Bluetooth 5.1,18W
Vivo Y200  5G,https://in-exstatic-vivofs.vivo.com/gdHFRinHEMrj3yPG/1697697201650/8e6d287b17d0f48c0475cfb69a421c5f.png,384,Vivo,https://www.vivo.com/in/products/y200,Android 13,8GB,128GB,Yes,Yes,Bluetooth 5.2,33W
Vivo Y17s,https://in-exstatic-vivofs.vivo.com/gdHFRinHEMrj3yPG/1695194200439/8689f8c059e3e6083b6b50cb69d88da1.png,159,Vivo,https://www.vivo.com/in/products/y17s,Android 13,4GB/6GB,128 GB,No,Yes,Bluetooth 5.0,18W
Vivo Y36,https://in-exstatic-vivofs.vivo.com/gdHFRinHEMrj3yPG/1683690756151/940c3899135cefeb2037de61f59387e4.png,367,Vivo,https://www.vivo.com/in/products/y36,Android 13,4GB/8GB,128 GB,Yes,Yes,Bluetooth 5.2,44W
Vivo Y27,https://in-exstatic-vivofs.vivo.com/gdHFRinHEMrj3yPG/1687936711208/1e0e253737fbde7062309845808a91e6.png,184,Vivo,https://www.vivo.com/in/products/y27,Android 13,6GB/8GB,128GB,No,Yes,Bluetooth 5.0,18W
Vivo Y02t,https://in-exstatic-vivofs.vivo.com/gdHFRinHEMrj3yPG/1682220486254/eedba14032d0e897492c7b27ed7c7515.png,125,Vivo,https://www.vivo.com/in/products/y02t,Android 13,3GB / 4GB RAM,32GB / 64GB,No,Yes,Bluetooth 5.0,10W
Vivo Y100,https://in-exstatic-vivofs.vivo.com/gdHFRinHEMrj3yPG/1675665170366/03a75d13718658a42103142adc9c306c.png,500,Vivo,https://www.vivo.com/in/products/y100,Android 13,6GB / 8GB,128GB / 256GB,Yes,Yes,Bluetooth 5.2,44W
Vivo Y100A,https://in-exstatic-vivofs.vivo.com/gdHFRinHEMrj3yPG/1679994305105/2def8ba268f51579fdf06d76778dc451.png,500,Vivo,https://www.vivo.com/in/products/y100a,Android 13,6GB / 8GB,128GB / 256GB,Yes,Yes,Bluetooth 5.2,44W
Vivo Y56 5G,https://in-exstatic-vivofs.vivo.com/gdHFRinHEMrj3yPG/1674897447751/92e3860c56a87da93ce6f4d5da68605d.png,417,Vivo,https://www.vivo.com/in/products/y56-5g,Android 13,4GB / 6GB RAM,128GB,Yes,Yes,Bluetooth 5.1,18W
Vivo Y02,https://in-exstatic-vivofs.vivo.com/gdHFRinHEMrj3yPG/1674010989817/e52afb17f01a8ea93f109045fdc56e4a.png,117,Vivo,https://www.vivo.com/in/products/y02,Android 12,2GB/3GB,32GB,No,Yes,Bluetooth 5.0,10W
Vivo Y22,https://in-exstatic-vivofs.vivo.com/gdHFRinHEMrj3yPG/1662350314108/be3403ec6c43eaa429f6bd489911bf5a.png,317,Vivo,https://www.vivo.com/in/products/y22,Android 12,4GB / 6GB RAM,64GB / 128GB,No,Yes,Bluetooth 5.0,18W
Vivo Y35,https://in-exstatic-vivofs.vivo.com/gdHFRinHEMrj3yPG/1660563267114/9df1dd662d4307a4fb6ba5f3e4fb0a74.png,384,Vivo,https://www.vivo.com/in/products/Y35,Android 12,4GB / 6GB,128GB,No,Yes,Bluetooth 5.0,44W
Vivo Y75 5G,https://in-exstatic-vivofs.vivo.com/gdHFRinHEMrj3yPG/1642582617956/98ae248a36efe9e591ed8b958ac66b58.png,434,Vivo,https://www.vivo.com/in/products/y755g,Android 12,8 GB,128 GB,Yes,Yes,Bluetooth 5.1,18W
Vivo Y16,https://in-exstatic-vivofs.vivo.com/gdHFRinHEMrj3yPG/1663840989894/496ff8b0a9e1b18d0063d858b28a2e1a.png,267,Vivo,https://www.vivo.com/in/products/y16,Android 12,4 GB,64 GB,No,Yes,Bluetooth 5.0,10W
Vivo T2x 5G,https://in-exstatic-vivofs.vivo.com/gdHFRinHEMrj3yPG/1708310823906/b872ab7735f0bb458fd057c15381bcac.png,200,Vivo,https://www.vivo.com/in/products/t2x-5g,Android 12,4 GB / 6 GB,64 GB / 128 GB,Yes,Yes,Bluetooth 5.1,18W
Vivo T2 5G,https://in-exstatic-vivofs.vivo.com/gdHFRinHEMrj3yPG/1680607448636/e819e13a52870d4fe5c24097f0d84c2a.png,267,Vivo,https://www.vivo.com/in/products/t2-5g,Android 13,6 GB / 8 GB,128 GB,Yes,Yes,Bluetooth 5.1,44W
Vivo T1x,https://in-exstatic-vivofs.vivo.com/gdHFRinHEMrj3yPG/1657765696139/ee9431e6452f96b860a10c9dc0aeaacc.png,284,Vivo,https://www.vivo.com/in/products/t1x,Android 11,4 GB / 6 GB,64 GB / 128 GB,No,Yes,Bluetooth 5.0,18W
Vivo T1 5G,https://in-exstatic-vivofs.vivo.com/gdHFRinHEMrj3yPG/1643352961564/25afcbf86095ddd586c3dc0b1370faa4.png,334,Vivo,https://www.vivo.com/in/products/t15g,Android 12,4 GB / 6 GB,128 GB,Yes,Yes,Bluetooth 5.1,18W
Vivo T1 Pro 5G,https://in-exstatic-vivofs.vivo.com/gdHFRinHEMrj3yPG/1650440283152/f3a503ac50d6ab45b27bf96f926b18c8.png,484,Vivo,https://www.vivo.com/in/products/t1pro5g,Android 12,6 GB / 8 GB,128 GB,Yes,Yes,Bluetooth 5.1,66W
Vivo T1,https://in-exstatic-vivofs.vivo.com/gdHFRinHEMrj3yPG/1650512113089/b194403687afd2212c4cf035d28d8e65.png,334,Vivo,https://www.vivo.com/in/products/t1,Android 11,4 GB / 6 GB,64 GB / 128 GB,No,Yes,Bluetooth 5.0,18W
Galaxy Z Fold6,https://images.samsung.com/is/image/samsung/p6pim/ca/sm-f956wzsaxac/gallery/ca-galaxy-z-fold6-f956-514101-sm-f956wzsaxac-thumb-543000183?$172_172_PNG$,"2,564.99",Samsung,https://www.samsung.com/ca/smartphones/galaxy-z-fold6/,Android,256,12,Yes,Yes,Bluetooth v5.3,
Galaxy Z Fold6,https://images.samsung.com/is/image/samsung/p6pim/ca/sm-f956wzsaxac/gallery/ca-galaxy-z-fold6-f956-514101-sm-f956wzsaxac-thumb-543000183?$172_172_PNG$,"2,724.99",Samsung,https://www.samsung.com/ca/smartphones/galaxy-z-fold6/,Android,512,12,Yes,Yes,Bluetooth v5.3,
Galaxy Z Fold6,https://images.samsung.com/is/image/samsung/p6pim/ca/sm-f956wzsaxac/gallery/ca-galaxy-z-fold6-f956-514101-sm-f956wzsaxac-thumb-543000183?$172_172_PNG$,"3,044.99",Samsung,https://www.samsung.com/ca/smartphones/galaxy-z-fold6/,Android,1000,12,Yes,Yes,Bluetooth v5.3,
Galaxy Z Flip6,https://images.samsung.com/is/image/samsung/p6pim/ca/sm-f741wlbaxac/gallery/ca-galaxy-zflip6-f741-sm-f741wlbaxac-thumb-543000387?$172_172_PNG$,"1,462.99",Samsung,https://www.samsung.com/ca/smartphones/galaxy-z-flip6/,Android,256,12,Yes,Yes,Bluetooth v5.3,
Galaxy Z Fold6 (Online Exclusive),https://images.samsung.com/is/image/samsung/p6pim/ca/sm-f956wakaxac/gallery/ca-galaxy-z-fold6-f956-sm-f956wakaxac-thumb-543000261?$172_172_PNG$,"2,564.99",Samsung,https://www.samsung.com/ca/smartphones/galaxy-z-fold6/,Android,256,12,Yes,Yes,Bluetooth v5.3,
Galaxy Z Fold6 (Online Exclusive),https://images.samsung.com/is/image/samsung/p6pim/ca/sm-f956wakaxac/gallery/ca-galaxy-z-fold6-f956-sm-f956wakaxac-thumb-543000261?$172_172_PNG$,"2,724.99",Samsung,https://www.samsung.com/ca/smartphones/galaxy-z-fold6/,Android,512,12,Yes,Yes,Bluetooth v5.3,
Galaxy Z Flip6 (Online Exclusive),https://images.samsung.com/is/image/samsung/p6pim/ca/sm-f741wakaxac/gallery/ca-galaxy-zflip6-f741-513290-sm-f741wakaxac-thumb-543000671?$172_172_PNG$,"1,462.99",Samsung,https://www.samsung.com/ca/smartphones/galaxy-z-flip6/,Android,256,12,Yes,Yes,Bluetooth v5.3,
Galaxy Z Flip6 (Online Exclusive),https://images.samsung.com/is/image/samsung/p6pim/ca/sm-f741wakaxac/gallery/ca-galaxy-zflip6-f741-513290-sm-f741wakaxac-thumb-543000671?$172_172_PNG$,"1,622.99",Samsung,https://www.samsung.com/ca/smartphones/galaxy-z-flip6/,Android,512,12,Yes,Yes,Bluetooth v5.3,
Galaxy S24 FE,https://images.samsung.com/is/image/samsung/p6pim/ca/sm-s721wzkaxac/gallery/ca-galaxy-s24-fe-s721-sm-s721wzkaxac-thumb-543633852?$172_172_PNG$,919.99,Samsung,https://www.samsung.com/ca/smartphones/galaxy-s/galaxy-s24-fe-graphite-128gb-sm-s721wzkaxac/,Android,128,8,Yes,Yes,Bluetooth v5.3,
Galaxy S24 FE,https://images.samsung.com/is/image/samsung/p6pim/ca/sm-s721wzkaxac/gallery/ca-galaxy-s24-fe-s721-sm-s721wzkaxac-thumb-543633852?$172_172_PNG$,999.99,Samsung,https://www.samsung.com/ca/smartphones/galaxy-s/galaxy-s24-fe-graphite-256gb-sm-s721wzkexac/,Android,256,8,Yes,Yes,Bluetooth v5.3,
Galaxy S24 Ultra,https://images.samsung.com/is/image/samsung/p6pim/ca/2401/gallery/ca-galaxy-s24-s928-sm-s928wztfxac-thumb-539323566?$172_172_PNG$,"1,799.99",Samsung,https://www.samsung.com/ca/smartphones/galaxy-s24-ultra/,Android,256,8,Yes,Yes,Bluetooth v5.3,
Galaxy S24 Ultra,https://images.samsung.com/is/image/samsung/p6pim/ca/2401/gallery/ca-galaxy-s24-s928-sm-s928wztfxac-thumb-539323566?$172_172_PNG$,"1,959.99",Samsung,https://www.samsung.com/ca/smartphones/galaxy-s24-ultra/,Android,512,12,Yes,Yes,Bluetooth v5.3,
Galaxy S24+,https://images.samsung.com/is/image/samsung/p6pim/ca/2401/gallery/ca-galaxy-s24-plus-sm-s926wzkexac-thumb-539316408?$172_172_PNG$,"1,399.99",Samsung,https://www.samsung.com/ca/smartphones/galaxy-s24/,Android,256,8,Yes,Yes,Bluetooth v5.3,
Galaxy S24+,https://images.samsung.com/is/image/samsung/p6pim/ca/2401/gallery/ca-galaxy-s24-plus-sm-s926wzkexac-thumb-539316408?$172_172_PNG$,"1,559.99",Samsung,https://www.samsung.com/ca/smartphones/galaxy-s24/,Android,512,12,Yes,Yes,Bluetooth v5.3,
Galaxy S24,https://images.samsung.com/is/image/samsung/p6pim/ca/2401/gallery/ca-galaxy-s24-sm-s921wzyexac-thumb-539292502?$172_172_PNG$,"1,099.99",Samsung,https://www.samsung.com/ca/smartphones/galaxy-s24/,Android,128,8,Yes,Yes,Bluetooth v5.3,
Galaxy S24,https://images.samsung.com/is/image/samsung/p6pim/ca/2401/gallery/ca-galaxy-s24-sm-s921wzyexac-thumb-539292502?$172_172_PNG$,"1,179.99",Samsung,https://www.samsung.com/ca/smartphones/galaxy-s24/,Android,256,8,Yes,Yes,Bluetooth v5.3,
Galaxy S24 Ultra (Online Exclusive),https://images.samsung.com/is/image/samsung/p6pim/ca/2401/gallery/ca-galaxy-s24-s928-490239-sm-s928wlbfxac-thumb-539386370?$172_172_PNG$,"2,279.99",Samsung,https://www.samsung.com/ca/smartphones/galaxy-s24-ultra/,Android,1000,12,Yes,Yes,Bluetooth v5.3,
Galaxy A35 5G,https://images.samsung.com/is/image/samsung/p6pim/ca/sm-a356wzkaxac/gallery/ca-galaxy-a35-5g-sm-a356-sm-a356wzkaxac-thumb-540231712?$172_172_PNG$,399.99,Samsung,https://www.samsung.com/ca/smartphones/galaxy-a/galaxy-a35-5g-awesome-navy-128gb-sm-a356wzkaxac/,Android,128,6,Yes,Yes,Bluetooth v5.3,
Galaxy A15 5G,https://images.samsung.com/is/image/samsung/p6pim/ca/sm-a156wzkaxac/gallery/ca-galaxy-a15-5g-sm-a156-sm-a156wzkaxac-thumb-539651204?$172_172_PNG$,269.99,Samsung,https://www.samsung.com/ca/smartphones/galaxy-a/galaxy-a15-5g-blue-black-128gb-sm-a156wzkaxac/,Android,128,4,Yes,Yes,Bluetooth v5.3,
Galaxy XCover6 Pro,https://images.samsung.com/is/image/samsung/p6pim/ca/sm-g736wzkdxac/gallery/ca-galaxy-xcover6-pro-sm-g736-sm-g736wzkdxac-thumb-534176285?$172_172_PNG$,769.99,Samsung,https://www.samsung.com/ca/smartphones/others/galaxy-xcover6-pro-black-128gb-sm-g736wzkdxac/,Android,128,6,Yes,Yes,Bluetooth v5.2,
iPhone 16 Pro Max,https://images.ctfassets.net/t00ajdlq0g9p/6N2RZpBNa4KkGm3DS1yx4G/e012ab7926134befc00e39c8375aa630/apple-iPhone16-Pro-Max-desert-pos1.png?h=745&w=993&fm=webp&q=100,1256,Apple,https://shop.freedommobile.ca/en-CA/devices/Apple/iPhone-16-Pro-Max?sku=195949805271&planSku=Can-U.S.-Mex+100GB+%2B+5G+%2B+Roam+Beyond+20GB&deviceOption=TradeUp,IOS,8 GB,256/512/1TB,Supported,Not Supported,Bluetooth 5.3,27W
iPhone 16 Pro,https://images.ctfassets.net/t00ajdlq0g9p/3ETWRbu0XmRdlHLvIZmsPX/0f12f6e53b357b13e2ba7ffe36ba269f/apple-iPhone16-Pro-desert-pos1.png?h=745&w=993&fm=webp&q=100,1938,Apple,https://shop.freedommobile.ca/en-CA/devices/Apple/iPhone-16-Pro?sku=195949770548&planSku=Can-U.S.-Mex+100GB+%2B+5G+%2B+Roam+Beyond+20GB&deviceOption=TradeUp,IOS,8 GB,128/256/512/1TB,Supported,Not Supported,Bluetooth 5.3,27W
iPhone 16,https://images.ctfassets.net/t00ajdlq0g9p/6N2RZpBNa4KkGm3DS1yx4G/e012ab7926134befc00e39c8375aa630/apple-iPhone16-Pro-Max-desert-pos1.png?h=745&w=993&fm=webp&q=100,696,Apple,https://shop.freedommobile.ca/en-CA/devices/Apple/iPhone-16?sku=195949821356&planSku=Can-U.S.-Mex+100GB+%2B+5G+%2B+Roam+Beyond+20GB&deviceOption=TradeUp,IOS,8 GB,128/256/512,Supported,Not Supported,Bluetooth 5.3,27W
iPhone 16 Plus,https://www.apple.com/newsroom/images/2024/09/apple-introduces-iphone-16-and-iphone-16-plus/article/geo/Apple-iPhone-16-hero-geo-240909_inline.jpg.large.jpg,792,Apple,https://shop.freedommobile.ca/en-CA/devices/Apple/iPhone-16-Plus?sku=195949721724&planSku=Can-U.S.-Mex+100GB+%2B+5G+%2B+Roam+Beyond+20GB&deviceOption=TradeUp,IOS,8 GB,128/256/512,Supported,Not Supported,Bluetooth 5.3,27W
iPhone 15,https://images.ctfassets.net/t00ajdlq0g9p/ztqSn4e7eeG5Yro47pfTH/4983b6af18705b9493e70662a88cca8a/apple-15-blue-pos1.png?h=745&w=993&fm=webp&q=100,600,Apple,https://shop.freedommobile.ca/en-CA/devices/Apple/iPhone-15?sku=195949115981&planSku=Can-U.S.-Mex+75GB+%2B+5G+%2B+Roam+Beyond+10GB&deviceOption=TradeUp,IOS,6 GB,128/512,Supported,Not Supported,Bluetooth 5.3,20W
Pixel 9 Pro,https://images.ctfassets.net/t00ajdlq0g9p/5n2ojahNod5eR2uS3uwkQ0/c578b26e0d671acbb836a01e9879e31b/google-pixel-9-pro-hazel-main.png?h=745&w=993&fm=webp&q=100,1056,Google,https://shop.freedommobile.ca/en-CA/devices/Google/Pixel-9-Pro?sku=840353906341&planSku=Can-U.S.-Mex+75GB+%2B+5G+%2B+Roam+Beyond+10GB&deviceOption=TradeUp,Android,16,128/256,Supported,Not Supported,Bluetooth 5.3,30W
Galaxy S24 FE,https://images.samsung.com/is/image/samsung/p6pim/ca/sm-s721wzkaxac/gallery/ca-galaxy-s24-fe-s721-sm-s721wzkaxac-thumb-543633852?$172_172_PNG$,720,Samsung,https://shop.freedommobile.ca/en-CA/devices/Samsung/Galaxy-S24-FE?sku=887276889634&planSku=Can-U.S.-Mex+75GB+%2B+5G+%2B+Roam+Beyond+10GB&deviceOption=TradeUp,Android,8gb,128 GB,Supported,Not Supported,Bluetooth 5.3,25W
motorola razr+ 2024,https://images.ctfassets.net/t00ajdlq0g9p/35BUaaq35NQdxVgP0GBdB4/f03e5b6f17061a05a0fd8cc7d0b177bd/Moto_Aura_Purple_with_Buds.png?h=745&w=993&fm=webp&q=100,480,Motorola,https://shop.freedommobile.ca/en-CA/devices/Motorola/motorola-razr-plus-2024?sku=840023265174&planSku=Can-U.S.-Mex+75GB+%2B+5G+%2B+Roam+Beyond+10GB&deviceOption=MyTab,Android,12gb,256,Supported,Not Supported,Bluetooth 5.2 ,30W
Pixel 9,https://images.ctfassets.net/t00ajdlq0g9p/7Ib1oWmom982Dl8EzW4hmK/dcfa45e3a8eec1cd2ad6c531899ce780/google-pixel9-peony-main.png?h=355&w=402&fm=webp&q=100,240,Google,https://shop.freedommobile.ca/en-CA/devices/Google/Pixel-9?sku=840353910959&planSku=Can-U.S.-Mex+75GB+%2B+5G+%2B+Roam+Beyond+10GB&deviceOption=TradeUp,Android,16gb,128/256/512,Supported,Not Suported,Bluetooth 5.3,30W
iPhone 14,https://www.apple.com/newsroom/images/product/iphone/standard/Apple-iPhone-14-iPhone-14-Plus-2up-midnight-220907_inline.jpg.medium.jpg,440,Apple,https://shop.freedommobile.ca/en-CA/devices/Apple/iPhone-14?sku=194253409359&planSku=Can-U.S.-Mex+75GB+%2B+5G+%2B+Roam+Beyond+10GB&deviceOption=TradeUp,IOS,6 GB,128,Supported,Not Supported,Bluetooth 5.3,20W
iPhone 15 Pro Max,https://shop.freedommobile.ca/_next/image?url=https%3A%2F%2Fimages.ctfassets.net%2Fszuukvy7owq5%2F1xmNMyiuoow5oiLjVHJpvr%2F5d20b2f43372a55e740bca5324c75757%2Fiphone16plus-pink-front.png%3Ffm%3Dwebp&w=3840&q=50,780,Apple,https://shop.freedommobile.ca/en-CA/devices/Apple/iPhone-15-Pro-Max?sku=195949115868&planSku=Can-U.S.-Mex+75GB+%2B+5G+%2B+Roam+Beyond+10GB&deviceOption=TradeUp,IOS,6GB,256/512,Supported,Not Supported,Bluetooth 5.3,20W
iPhone 15 Pro,https://i5.walmartimages.com/asr/f40756b5-d2ec-48cc-b8e8-b34b232fbc57.0f2eb6569ef48640061279352ec32c71.jpeg?odnHeight=2000&odnWidth=2000&odnBg=FFFFFF,720,Apple,https://shop.freedommobile.ca/en-CA/devices/Apple/iPhone-15-Pro?sku=195949114748&planSku=Can-U.S.-Mex+75GB+%2B+5G+%2B+Roam+Beyond+10GB&deviceOption=TradeUp,IOS,6GB,128/256/512/1TB,Supported,Not Supported,Bluetooth 5.3,20W
Pixel 9 Pro XL,https://shop.freedommobile.ca/_next/image?url=https%3A%2F%2Fimages.ctfassets.net%2Fszuukvy7owq5%2F6dzzoKCz255pkEV5OwpUTJ%2Fb26c2c336f3aba0e4fdd7cc3b72ac290%2Fiphone15-black-front.png%3Ffm%3Dwebp&w=3840&q=50,648,Google,https://shop.freedommobile.ca/en-CA/devices/Google/Pixel-9-Pro-XL?sku=840353913820&planSku=Can-U.S.-Mex+75GB+%2B+5G+%2B+Roam+Beyond+10GB&deviceOption=TradeUp,Android,16,128/256/512,Supported,Not Supported,Bluetooth 5.3,30W
Samsung S24 5G,https://images.samsung.com/is/image/samsung/p6pim/ca/2401/gallery/ca-galaxy-s24-sm-s921wzyexac-thumb-539292502?$172_172_PNG$,508,Samsung,https://shop.freedommobile.ca/en-CA/devices/Samsung/Samsung-S24-5G?sku=887276802473&planSku=Can-U.S.-Mex+75GB+%2B+5G+%2B+Roam+Beyond+10GB&deviceOption=TradeUp,Android,8 GB,128/256,Supported,Not Supported,Bluetooth 5.3,45W
Samsung S24 Ultra 5G,https://shop.freedommobile.ca/_next/image?url=https%3A%2F%2Fimages.ctfassets.net%2Fszuukvy7owq5%2F3EWzcB8aHSLr7WpxcJJrkm%2Fa3ad002b66bde7749a9df9597109f379%2Fpixel_9_pro_front_back_angle_obsidian.png%3Ffm%3Dwebp&w=3840&q=50,1368,Samsung,https://shop.freedommobile.ca/en-CA/devices/Samsung/Samsung-S24-Ultra-5G?sku=887276820385&planSku=Can-U.S.-Mex+75GB+%2B+5G+%2B+Roam+Beyond+10GB&deviceOption=TradeUp,Android,12 GB,256/512,Supported,Not Supported,Bluetooth 5.3,45W
Galaxy Z Flip6,https://images.samsung.com/is/image/samsung/p6pim/ca/sm-f741wlbaxac/gallery/ca-galaxy-zflip6-f741-sm-f741wlbaxac-thumb-543000387?$172_172_PNG$,1320,Samsung,https://shop.freedommobile.ca/en-CA/devices/Samsung/Galaxy-Z-Flip6?sku=887276872445&planSku=Can-U.S.-Mex+75GB+%2B+5G+%2B+Roam+Beyond+10GB&deviceOption=MyTab,Android,8 GB,256/512,Supported,Not Supported,Bluetooth 5.3,25W
Samsung A15,https://shop.freedommobile.ca/_next/image?url=https%3A%2F%2Fimages.ctfassets.net%2Fszuukvy7owq5%2FelTHITsK0yHDMzGpbrdDJ%2F71bb12b41fb7104f25c05127bd0cc240%2FGalaxyS24FE_Graphite_Front.png%3Ffm%3Dwebp&w=3840&q=50,568,Samsung,https://shop.freedommobile.ca/en-CA/devices/Samsung/Samsung-A15?sku=887276817613&planSku=Can-U.S.-Mex+75GB+%2B+5G+%2B+Roam+Beyond+10GB&deviceOption=MyTab,Android,4,128,Supported,Not Supported,Bluetooth 5.3,15W
Galaxy S23 FE,https://images.samsung.com/is/image/samsung/p6pim/ca/sm-s711wlgaxac/gallery/ca-galaxy-s23-fe-s711-480773-sm-s711wlgaxac-thumb-538489515?$172_172_PNG$,720,Samsung,https://shop.freedommobile.ca/en-CA/devices/Samsung/Galaxy-S23-FE?sku=887276786131&planSku=Can-U.S.-Mex+75GB+%2B+5G+%2B+Roam+Beyond+10GB&deviceOption=MyTab,Android,8,128/256,Supported,Not Supported,Bluetooth 5.3,25W
Galaxy A35 5G,https://images.samsung.com/is/image/samsung/p6pim/ca/sm-a356wzkaxac/gallery/ca-galaxy-a35-5g-sm-a356-sm-a356wzkaxac-thumb-540231712?$172_172_PNG$,456,Samsung,https://shop.freedommobile.ca/en-CA/devices/Samsung/Galaxy-A35-5G?sku=887276828374&planSku=Can-U.S.-Mex+75GB+%2B+5G+%2B+Roam+Beyond+10GB&deviceOption=MyTab,Android,6,128,Supporetd,Not Supported,Bluetooth 5.3,15W
Pixel 8a,https://shop.freedommobile.ca/_next/image?url=https%3A%2F%2Fimages.ctfassets.net%2Fszuukvy7owq5%2F4VyKMzwR63hFxQR4sNvIOZ%2Fe73ef14537c6a10ab00156b76e13b168%2Fpixel_8_front_back_black.png%3Ffm%3Dwebp&w=3840&q=50,600,Google,https://shop.freedommobile.ca/en-CA/devices/Google/Pixel-8a?sku=840244707873&planSku=Can-U.S.-Mex+75GB+%2B+5G+%2B+Roam+Beyond+10GB&deviceOption=MyTab,Android,6 GB,128 GB,Supporetd,Supported,Bluetooth 5.3,18W
Galaxy Z Fold6,https://images.samsung.com/is/image/samsung/p6pim/ca/sm-f956wakaxac/gallery/ca-galaxy-z-fold6-f956-sm-f956wakaxac-thumb-543000261?$172_172_PNG$,2400,Samsung,https://shop.freedommobile.ca/en-CA/devices/Samsung/Galaxy-Z-Fold6?sku=887276872407&planSku=Can-U.S.-Mex+75GB+%2B+5G+%2B+Roam+Beyond+10GB&deviceOption=MyTab,Android,12 GB,256/512,Supported,Not Supported,Bluetooth 5.3,25W
Pixel 9 Pro Fold,https://shop.freedommobile.ca/_next/image?url=https%3A%2F%2Fimages.ctfassets.net%2Fszuukvy7owq5%2F1s6UesablsKeGpZZ1K7RmP%2Fa0282513db505a6ad85f909bc0222571%2Fpixel_9_front_back_obsidian.png%3Ffm%3Dwebp&w=3840&q=50,1080,Google,https://shop.freedommobile.ca/en-CA/devices/Google/Pixel-9-Pro-Fold?sku=840353909823&planSku=Can-U.S.-Mex+75GB+%2B+5G+%2B+Roam+Beyond+10GB&deviceOption=TradeUp,Android,16,128/256/512/1TB,Supported,Not Supported,Bluetooth 5.3,25W
TCL 50 XE NXTPAPER 5G,https://www.baka.ca/content/images/devices/tcl-50-xe-nxtpaper-5g-128gb--blue--00_product_photo.jpg,120,TCL,https://shop.freedommobile.ca/en-CA/devices/TCL/TCL-50-XE-NXTPAPER-5G?sku=889063528016&planSku=Can-U.S.-Mex+75GB+%2B+5G+%2B+Roam+Beyond+10GB&deviceOption=MyTab,Android,4,128,Supported,Not Supported,Bluetooth 5.3,18W
moto g play - 2024,https://shop.freedommobile.ca/_next/image?url=https%3A%2F%2Fimages.ctfassets.net%2Fszuukvy7owq5%2F3TRq64sSRux5rHiOLi5vcZ%2Ffb4ec4a0e3c1599334c29974d64d0461%2Fshop_devices_iphone14_0000s_0004_iPhone_14_Blue_Pure_Back_iPhone_14_Blue_Pure_Front_2-up_Screen__USEN.png%3Ffm%3Dwebp&w=3840&q=50,120,Motorola,https://shop.freedommobile.ca/en-CA/devices/Motorola/moto-g-play-2024?sku=840023254000&planSku=Can-U.S.-Mex+50GB+%2B+5G+%2B+Roam+Beyond+5GB+Data+Pass&deviceOption=MyTab,Android,4,64,Supported,Not Supported,Bluetooth 5.2,15W
Moto g power 5G - 2024,https://m.media-amazon.com/images/I/61QVWPfp1pL.jpg,240,Motorola,https://shop.freedommobile.ca/en-CA/devices/Motorola/Moto-g-power-5G-2024?sku=840023253904&planSku=Can-U.S.-Mex+75GB+%2B+5G+%2B+Roam+Beyond+10GB&deviceOption=MyTab,Android,4 GB,64 GB,Supported,Supported,Bluetooth 5.1,15W
moto g 5G - 2024,https://shop.freedommobile.ca/_next/image?url=https%3A%2F%2Fimages.ctfassets.net%2Fszuukvy7owq5%2FHyUNrOrv4Trr5oyhy1GoC%2Fe49c44b8205dfee5dcf87b5e479c164d%2Fiphone15promax-black-front.png%3Ffm%3Dwebp&w=3840&q=50,240,Motorola,https://shop.freedommobile.ca/en-CA/devices/Motorola/moto-g-5G-2024?sku=840023254697&planSku=Can-U.S.-Mex+50GB+%2B+5G+%2B+Roam+Beyond+5GB+Data+Pass&deviceOption=MyTab,Android,4 GB,64 GB,Supporetd,Supported,Bluetooth 5.1,15W
iPhone 15 Pro Max,https://shop.freedommobile.ca/_next/image?url=https%3A%2F%2Fimages.ctfassets.net%2Fszuukvy7owq5%2F1xmNMyiuoow5oiLjVHJpvr%2F5d20b2f43372a55e740bca5324c75757%2Fiphone16plus-pink-front.png%3Ffm%3Dwebp&w=3840&q=50,960,Apple,https://shop.freedommobile.ca/en-CA/devices/Apple/iPhone-15-Pro-Max?sku=195949115868&planSku=Can-U.S.-Mex+75GB+%2B+5G+%2B+Roam+Beyond+10GB&deviceOption=TradeUp,IOS,8 GB,256,Supported,Supported,Bluetooth 5.3,27W
iPhone 15 Pro,https://i5.walmartimages.com/asr/f40756b5-d2ec-48cc-b8e8-b34b232fbc57.0f2eb6569ef48640061279352ec32c71.jpeg?odnHeight=2000&odnWidth=2000&odnBg=FFFFFF,750,Apple,https://shop.freedommobile.ca/en-CA/devices/Apple/iPhone-15-Pro?sku=195949114748&planSku=Can-U.S.-Mex+75GB+%2B+5G+%2B+Roam+Beyond+10GB&deviceOption=TradeUp,IOS,8 GB,128/256,Supported,Supported,Bluetooth 5.3,27W
iPhone 15,https://shop.freedommobile.ca/_next/image?url=https%3A%2F%2Fimages.ctfassets.net%2Fszuukvy7owq5%2F3b95XuKuxbrXsTycA60eoA%2F0552cd3fed37d616a23dc843a9540446%2FPixel_Pro_XL_Obsidian_Front.png%3Ffm%3Dwebp&w=3840&q=50,480,Apple,https://shop.freedommobile.ca/en-CA/devices/Apple/iPhone-15?sku=195949115981&planSku=Can-U.S.-Mex+75GB+%2B+5G+%2B+Roam+Beyond+10GB&deviceOption=TradeUp,IOS,4 GB,128,Supported,Supported,Bluetooth 5.3,27W
iPhone 14,https://www.apple.com/newsroom/images/product/iphone/standard/Apple-iPhone-14-iPhone-14-Plus-2up-midnight-220907_inline.jpg.medium.jpg,360,Apple,https://shop.freedommobile.ca/en-CA/devices/Apple/iPhone-14?sku=194253409359&planSku=Can-U.S.-Mex+75GB+%2B+5G+%2B+Roam+Beyond+10GB&deviceOption=TradeUp,IOS,4 GB,128,Supported,Supported,Bluetooth 5.3,20W
Galaxy S23,https://shop.freedommobile.ca/_next/image?url=https%3A%2F%2Fimages.ctfassets.net%2Fszuukvy7owq5%2FNBZTFLPFrq5nI2CbbEJe1%2F48ab22e09f15e6653bc389b792e4a6b4%2Fs24ultra_grey_back_front_with_pen.png%3Ffm%3Dwebp&w=3840&q=50,336,Samsung,https://shop.freedommobile.ca/en-CA/devices/Samsung/CPO-Galaxy-S23?sku=62925800139227&planSku=Can-U.S.-Mex+75GB+%2B+5G+%2B+Roam+Beyond+10GB&deviceOption=MyTab,Android,8,128/256,Supported,Supported,Bluetooth 5.3,25W
iPhone 13 Pro Max,https://m.media-amazon.com/images/I/51UtM-A3fdL.jpg,336,Apple,https://shop.freedommobile.ca/en-CA/devices/Apple/CPO-iPhone-13-Pro-Max?sku=6292581374685&planSku=Can-U.S.-Mex+75GB+%2B+5G+%2B+Roam+Beyond+10GB&deviceOption=MyTab,IOS,6 GB,128/256/512/1TB,Supported,Supported,Bluetooth 5.3,27W
iPhone 13 Pro,https://www.apple.com/newsroom/images/product/iphone/geo/Apple_iPhone-13-Pro_iPhone-13-Pro-Max_GEO_09142021_inline.jpg.slideshow-xlarge_2x.jpg,240,Apple,https://shop.freedommobile.ca/en-CA/devices/Apple/CPO-iPhone-13-Pro?sku=6292581374678&planSku=Can-U.S.-Mex+75GB+%2B+5G+%2B+Roam+Beyond+10GB&deviceOption=MyTab,IOS,6 GB,128/256/512/1TB,Supported,Supported,Bluetooth 5.3,27W
iPhone 13,https://www.apple.com/newsroom/images/product/iphone/geo/Apple_iphone13_hero_geo_09142021_inline.jpg.large.jpg,120,Apple,https://shop.freedommobile.ca/en-CA/devices/Apple/CPO-iPhone-13?sku=6292581374579&planSku=Can-U.S.-Mex+75GB+%2B+5G+%2B+Roam+Beyond+10GB&deviceOption=MyTab,IOS,4 GB,128/256/512,Supported,Supported,Bluetooth 5.3,27W
Samsung Galaxy S22 Ultra 5G,https://shop.freedommobile.ca/_next/image?url=https%3A%2F%2Fimages.ctfassets.net%2Fszuukvy7owq5%2F46H1IlafPWebpY0wyxLM0k%2Fb24ff82b770e47187ae5fc2ae8dee301%2Fa15_blueblack_back_front.png%3Ffm%3Dwebp&w=3840&q=50,216,Samsung,https://shop.freedommobile.ca/en-CA/devices/Samsung/CPO-Samsung-Galaxy-S22-Ultra-5G?sku=62925800138855&planSku=Can-U.S.-Mex+75GB+%2B+5G+%2B+Roam+Beyond+10GB&deviceOption=MyTab,Android,8 GB / 12 GB,128/512/256,Supported,Not Suported,Bluetooth 5.3,45W
Samsung Galaxy S22 5G,https://multimedia.bbycastatic.ca/multimedia/products/500x500/159/15963/15963120.jpg,560,Samsung,https://shop.freedommobile.ca/en-CA/devices/Samsung/CPO-Samsung-Galaxy-S22-5G?sku=62925800138817&planSku=Can-U.S.-Mex+75GB+%2B+5G+%2B+Roam+Beyond+10GB&deviceOption=MyTab,Android,8,128/256,Supported,Not Suported,Bluetooth 5.3,25W
iPhone 12,https://shop.freedommobile.ca/_next/image?url=https%3A%2F%2Fimages.ctfassets.net%2Fszuukvy7owq5%2F452iwtznlDLnSd0bqhqLAa%2F1f9758a697144e19787271acecfabf86%2Fs23_graphite_front_back.png%3Ffm%3Dwebp&w=3840&q=50,450,Apple,https://shop.freedommobile.ca/en-CA/devices/Apple/CPO-iPhone-12?sku=6292581374517&planSku=Can-U.S.-Mex+75GB+%2B+5G+%2B+Roam+Beyond+10GB&deviceOption=MyTab,IOS,4 GB,64/128/256,Supported,Supported,Bluetooth 5.3,20W
TCL 502 LTE,https://valuemobile.ca/wp-content/uploads/2023/12/tcl-502-1.png,895,TCL,https://shop.freedommobile.ca/en-CA/devices/TCL/TCL-502-LTE?sku=889063527460&planSku=Can-U.S.-Mex+3GB+%2B+5G&deviceOption=MyTab,Android,2,32,Not Supported,Not Suported,Bluetooth 5.1,18W
Samsung Tab A9 +,https://m.media-amazon.com/images/I/51HL5sz4keL.jpg,384,Samsung,https://shop.freedommobile.ca/en-CA/devices/Samsung/Samsung-Tab-A9-plus?sku=887276815886&planSku=Tablet+4G+5GB&deviceOption=MyTab,Android,4GB/8GB,64/128,Supported,Not Suported,Bluetooth 5.1,15W
